model,input_order,variable_name,cpp_source_object,xml_expression,xml_label,notes
single_photon_numu,0,numu_cc_flag_3,tagger,numu_cc_flag_3,numu_cc_flag_3,
single_photon_numu,1,numu_cc_3_particle_type,tagger,numu_cc_3_particle_type,numu_cc_3_particle_type,
single_photon_numu,2,numu_cc_3_max_length,tagger,numu_cc_3_max_length,numu_cc_3_max_length,
single_photon_numu,3,numu_cc_3_track_length,tagger,numu_cc_3_track_length,numu_cc_3_track_length,C++ struct field is numu_cc_3_acc_track_length; SBND branch name is numu_cc_3_track_length
single_photon_numu,4,numu_cc_3_max_length_all,tagger,numu_cc_3_max_length_all,numu_cc_3_max_length_all,
single_photon_numu,5,numu_cc_3_max_muon_length,tagger,numu_cc_3_max_muon_length,numu_cc_3_max_muon_length,
single_photon_numu,6,numu_cc_3_n_daughter_tracks,tagger,numu_cc_3_n_daughter_tracks,numu_cc_3_n_daughter_tracks,
single_photon_numu,7,numu_cc_3_n_daughter_all,tagger,numu_cc_3_n_daughter_all,numu_cc_3_n_daughter_all,
single_photon_numu,8,shw_sp_br1_1_shower_type,tagger,shw_sp_br1_1_shower_type,shw_sp_br1_1_shower_type,
single_photon_numu,9,shw_sp_br1_1_vtx_n_segs,tagger,shw_sp_br1_1_vtx_n_segs,shw_sp_br1_1_vtx_n_segs,
single_photon_numu,10,shw_sp_br1_1_n_segs,tagger,shw_sp_br1_1_n_segs,shw_sp_br1_1_n_segs,
single_photon_numu,11,shw_sp_br1_1_sg_length,tagger,shw_sp_br1_1_sg_length,shw_sp_br1_1_sg_length,
single_photon_numu,12,shw_sp_br1_2_n_connected,tagger,shw_sp_br1_2_n_connected,shw_sp_br1_2_n_connected,
single_photon_numu,13,shw_sp_br1_2_max_length,tagger,shw_sp_br1_2_max_length,shw_sp_br1_2_max_length,
single_photon_numu,14,shw_sp_br1_2_n_connected_1,tagger,shw_sp_br1_2_n_connected_1,shw_sp_br1_2_n_connected_1,
single_photon_numu,15,shw_sp_br1_2_n_shower_segs,tagger,shw_sp_br1_2_n_shower_segs,shw_sp_br1_2_n_shower_segs,
single_photon_numu,16,shw_sp_br1_2_max_length_ratio,tagger,shw_sp_br1_2_max_length_ratio,shw_sp_br1_2_max_length_ratio,
single_photon_numu,17,shw_sp_br1_2_shower_length,tagger,shw_sp_br1_2_shower_length,shw_sp_br1_2_shower_length,
single_photon_numu,18,shw_sp_br1_3_max_length_p,tagger,shw_sp_br1_3_max_length_p,shw_sp_br1_3_max_length_p,
single_photon_numu,19,shw_sp_br1_3_n_shower_main_segs,tagger,shw_sp_br1_3_n_shower_main_segs,shw_sp_br1_3_n_shower_main_segs,
single_photon_numu,20,shw_sp_br3_1_n_shower_segments,tagger,shw_sp_br3_1_n_shower_segments,shw_sp_br3_1_n_shower_segments,
single_photon_numu,21,shw_sp_br3_1_sg_direct_length,tagger,shw_sp_br3_1_sg_direct_length,shw_sp_br3_1_sg_direct_length,
single_photon_numu,22,shw_sp_br3_1_sg_length,tagger,shw_sp_br3_1_sg_length,shw_sp_br3_1_sg_length,
single_photon_numu,23,shw_sp_br3_1_total_main_length,tagger,shw_sp_br3_1_total_main_length,shw_sp_br3_1_total_main_length,
single_photon_numu,24,shw_sp_br3_1_total_length,tagger,shw_sp_br3_1_total_length,shw_sp_br3_1_total_length,
single_photon_numu,25,shw_sp_br3_2_n_ele,tagger,shw_sp_br3_2_n_ele,shw_sp_br3_2_n_ele,
single_photon_numu,26,shw_sp_br3_2_n_other,tagger,shw_sp_br3_2_n_other,shw_sp_br3_2_n_other,
single_photon_numu,27,shw_sp_br3_2_other_fid,tagger,shw_sp_br3_2_other_fid,shw_sp_br3_2_other_fid,
single_photon_numu,28,shw_sp_br3_4_acc_length,tagger,shw_sp_br3_4_acc_length,shw_sp_br3_4_acc_length,
single_photon_numu,29,shw_sp_br3_4_total_length,tagger,shw_sp_br3_4_total_length,shw_sp_br3_4_total_length,
single_photon_numu,30,shw_sp_br3_8_max_dQ_dx,tagger,shw_sp_br3_8_max_dQ_dx,shw_sp_br3_8_max_dQ_dx,
single_photon_numu,31,shw_sp_br3_8_n_main_segs,tagger,shw_sp_br3_8_n_main_segs,shw_sp_br3_8_n_main_segs,
single_photon_numu,32,shw_sp_lem_shower_main_length,tagger,shw_sp_lem_shower_main_length,shw_sp_lem_shower_main_length,
single_photon_numu,33,shw_sp_lem_n_3seg,tagger,shw_sp_lem_n_3seg,shw_sp_lem_n_3seg,
single_photon_numu,34,shw_sp_lem_e_charge,tagger,shw_sp_lem_e_charge,shw_sp_lem_e_charge,
single_photon_numu,35,shw_sp_lem_e_dQdx,tagger,shw_sp_lem_e_dQdx,shw_sp_lem_e_dQdx,
single_photon_numu,36,shw_sp_lem_shower_num_main_segs,tagger,shw_sp_lem_shower_num_main_segs,shw_sp_lem_shower_num_main_segs,
single_photon_numu,37,shw_sp_max_dQ_dx_sample,tagger,shw_sp_max_dQ_dx_sample,shw_sp_max_dQ_dx_sample,
single_photon_numu,38,shw_sp_n_below_threshold,tagger,shw_sp_n_below_threshold,shw_sp_n_below_threshold,
single_photon_numu,39,shw_sp_n_below_zero,tagger,shw_sp_n_below_zero,shw_sp_n_below_zero,
single_photon_numu,40,shw_sp_n_lowest,tagger,shw_sp_n_lowest,shw_sp_n_lowest,
single_photon_numu,41,shw_sp_n_highest,tagger,shw_sp_n_highest,shw_sp_n_highest,
single_photon_numu,42,shw_sp_lowest_dQ_dx,tagger,shw_sp_lowest_dQ_dx,shw_sp_lowest_dQ_dx,
single_photon_numu,43,shw_sp_highest_dQ_dx,tagger,shw_sp_highest_dQ_dx,shw_sp_highest_dQ_dx,
single_photon_numu,44,shw_sp_medium_dQ_dx,tagger,shw_sp_medium_dQ_dx,shw_sp_medium_dQ_dx,
single_photon_numu,45,shw_sp_stem_length,tagger,shw_sp_stem_length,shw_sp_stem_length,
single_photon_numu,46,shw_sp_length_main,tagger,shw_sp_length_main,shw_sp_length_main,
single_photon_numu,47,shw_sp_length_total,tagger,shw_sp_length_total,shw_sp_length_total,
single_photon_numu,48,shw_sp_n_vertex,tagger,shw_sp_n_vertex,shw_sp_n_vertex,
single_photon_numu,49,shw_sp_n_good_tracks,tagger,shw_sp_n_good_tracks,shw_sp_n_good_tracks,
single_photon_numu,50,shw_sp_E_indirect_max_energy,tagger,shw_sp_E_indirect_max_energy,shw_sp_E_indirect_max_energy,
single_photon_numu,51,shw_sp_flag_all_above,tagger,shw_sp_flag_all_above,shw_sp_flag_all_above,
single_photon_numu,52,shw_sp_min_dQ_dx_5,tagger,shw_sp_min_dQ_dx_5,shw_sp_min_dQ_dx_5,
single_photon_numu,53,shw_sp_n_other_vertex,tagger,shw_sp_n_other_vertex,shw_sp_n_other_vertex,
single_photon_numu,54,shw_sp_n_stem_size,tagger,shw_sp_n_stem_size,shw_sp_n_stem_size,
single_photon_numu,55,shw_sp_min_dis,tagger,shw_sp_min_dis,shw_sp_min_dis,
single_photon_numu,56,shw_sp_vec_mean_dedx,tagger,shw_sp_vec_mean_dedx,shw_sp_vec_mean_dedx,
single_photon_numu,57,shw_sp_proton_length_1,tagger,shw_sp_proton_length_1,shw_sp_proton_length_1,
single_photon_numu,58,shw_sp_proton_dqdx_1,tagger,shw_sp_proton_dqdx_1,shw_sp_proton_dqdx_1,
single_photon_numu,59,shw_sp_proton_energy_1,tagger,shw_sp_proton_energy_1,shw_sp_proton_energy_1,
single_photon_numu,60,shw_sp_proton_length_2,tagger,shw_sp_proton_length_2,shw_sp_proton_length_2,
single_photon_numu,61,shw_sp_proton_dqdx_2,tagger,shw_sp_proton_dqdx_2,shw_sp_proton_dqdx_2,
single_photon_numu,62,shw_sp_proton_energy_2,tagger,shw_sp_proton_energy_2,shw_sp_proton_energy_2,
single_photon_numu,63,shw_sp_n_good_showers,tagger,shw_sp_n_good_showers,shw_sp_n_good_showers,
single_photon_numu,64,shw_sp_n_br1_showers,tagger,shw_sp_n_br1_showers,shw_sp_n_br1_showers,
single_photon_numu,65,shw_sp_n_br2_showers,tagger,shw_sp_n_br2_showers,shw_sp_n_br2_showers,
single_photon_numu,66,shw_sp_n_br3_showers,tagger,shw_sp_n_br3_showers,shw_sp_n_br3_showers,
single_photon_numu,67,shw_sp_n_br4_showers,tagger,shw_sp_n_br4_showers,shw_sp_n_br4_showers,
single_photon_numu,68,shw_sp_n_20br1_showers,tagger,shw_sp_n_20br1_showers,shw_sp_n_20br1_showers,
single_photon_numu,69,shw_sp_shw_vtx_dis,tagger,shw_sp_shw_vtx_dis,shw_sp_shw_vtx_dis,
single_photon_numu,70,shw_sp_max_shw_dis,tagger,shw_sp_max_shw_dis,shw_sp_max_shw_dis,
single_photon_numu,71,numu_1_score,tagger,numu_1_score,numu_1_score,
single_photon_numu,72,numu_score,tagger,numu_score,numu_score,
single_photon_other,0,cosmict_flag_2,tagger,cosmict_flag_2,cosmict_flag_2,
single_photon_other,1,cosmict_2_filled,tagger,cosmict_2_filled,cosmict_2_filled,
single_photon_other,2,cosmict_2_particle_type,tagger,cosmict_2_particle_type,cosmict_2_particle_type,
single_photon_other,3,cosmict_2_n_muon_tracks,tagger,cosmict_2_n_muon_tracks,cosmict_2_n_muon_tracks,
single_photon_other,4,cosmict_2_total_shower_length,tagger,cosmict_2_total_shower_length,cosmict_2_total_shower_length,
single_photon_other,5,cosmict_2_flag_inside,tagger,cosmict_2_flag_inside,cosmict_2_flag_inside,
single_photon_other,6,cosmict_2_angle_beam,tagger,cosmict_2_angle_beam,cosmict_2_angle_beam,
single_photon_other,7,cosmict_2_flag_dir_weak,tagger,cosmict_2_flag_dir_weak,cosmict_2_flag_dir_weak,
single_photon_other,8,cosmict_2_dQ_dx_end,tagger,cosmict_2_dQ_dx_end,cosmict_2_dQ_dx_end,
single_photon_other,9,cosmict_2_dQ_dx_front,tagger,cosmict_2_dQ_dx_front,cosmict_2_dQ_dx_front,
single_photon_other,10,cosmict_2_theta,tagger,cosmict_2_theta,cosmict_2_theta,
single_photon_other,11,cosmict_2_phi,tagger,cosmict_2_phi,cosmict_2_phi,
single_photon_other,12,cosmict_2_valid_tracks,tagger,cosmict_2_valid_tracks,cosmict_2_valid_tracks,
single_photon_other,13,cosmict_flag_4,tagger,cosmict_flag_4,cosmict_flag_4,
single_photon_other,14,cosmict_4_filled,tagger,cosmict_4_filled,cosmict_4_filled,
single_photon_other,15,cosmict_4_flag_inside,tagger,cosmict_4_flag_inside,cosmict_4_flag_inside,
single_photon_other,16,cosmict_4_angle_beam,tagger,cosmict_4_angle_beam,cosmict_4_angle_beam,
single_photon_other,17,cosmict_4_connected_showers,tagger,cosmict_4_connected_showers,cosmict_4_connected_showers,
single_photon_other,18,cosmict_flag_3,tagger,cosmict_flag_3,cosmict_flag_3,
single_photon_other,19,cosmict_3_filled,tagger,cosmict_3_filled,cosmict_3_filled,
single_photon_other,20,cosmict_3_flag_inside,tagger,cosmict_3_flag_inside,cosmict_3_flag_inside,
single_photon_other,21,cosmict_3_angle_beam,tagger,cosmict_3_angle_beam,cosmict_3_angle_beam,
single_photon_other,22,cosmict_3_flag_dir_weak,tagger,cosmict_3_flag_dir_weak,cosmict_3_flag_dir_weak,
single_photon_other,23,cosmict_3_dQ_dx_end,tagger,cosmict_3_dQ_dx_end,cosmict_3_dQ_dx_end,
single_photon_other,24,cosmict_3_dQ_dx_front,tagger,cosmict_3_dQ_dx_front,cosmict_3_dQ_dx_front,
single_photon_other,25,cosmict_3_theta,tagger,cosmict_3_theta,cosmict_3_theta,
single_photon_other,26,cosmict_3_phi,tagger,cosmict_3_phi,cosmict_3_phi,
single_photon_other,27,cosmict_3_valid_tracks,tagger,cosmict_3_valid_tracks,cosmict_3_valid_tracks,
single_photon_other,28,cosmict_flag_5,tagger,cosmict_flag_5,cosmict_flag_5,
single_photon_other,29,cosmict_5_filled,tagger,cosmict_5_filled,cosmict_5_filled,
single_photon_other,30,cosmict_5_flag_inside,tagger,cosmict_5_flag_inside,cosmict_5_flag_inside,
single_photon_other,31,cosmict_5_angle_beam,tagger,cosmict_5_angle_beam,cosmict_5_angle_beam,
single_photon_other,32,cosmict_5_connected_showers,tagger,cosmict_5_connected_showers,cosmict_5_connected_showers,
single_photon_other,33,cosmict_flag_6,tagger,cosmict_flag_6,cosmict_flag_6,
single_photon_other,34,cosmict_6_filled,tagger,cosmict_6_filled,cosmict_6_filled,
single_photon_other,35,cosmict_6_flag_dir_weak,tagger,cosmict_6_flag_dir_weak,cosmict_6_flag_dir_weak,
single_photon_other,36,cosmict_6_flag_inside,tagger,cosmict_6_flag_inside,cosmict_6_flag_inside,
single_photon_other,37,cosmict_6_angle,tagger,cosmict_6_angle,cosmict_6_angle,
single_photon_other,38,cosmict_flag_7,tagger,cosmict_flag_7,cosmict_flag_7,
single_photon_other,39,cosmict_7_filled,tagger,cosmict_7_filled,cosmict_7_filled,
single_photon_other,40,cosmict_7_flag_sec,tagger,cosmict_7_flag_sec,cosmict_7_flag_sec,
single_photon_other,41,cosmict_7_n_muon_tracks,tagger,cosmict_7_n_muon_tracks,cosmict_7_n_muon_tracks,
single_photon_other,42,cosmict_7_total_shower_length,tagger,cosmict_7_total_shower_length,cosmict_7_total_shower_length,
single_photon_other,43,cosmict_7_flag_inside,tagger,cosmict_7_flag_inside,cosmict_7_flag_inside,
single_photon_other,44,cosmict_7_angle_beam,tagger,cosmict_7_angle_beam,cosmict_7_angle_beam,
single_photon_other,45,cosmict_7_flag_dir_weak,tagger,cosmict_7_flag_dir_weak,cosmict_7_flag_dir_weak,
single_photon_other,46,cosmict_7_dQ_dx_end,tagger,cosmict_7_dQ_dx_end,cosmict_7_dQ_dx_end,
single_photon_other,47,cosmict_7_dQ_dx_front,tagger,cosmict_7_dQ_dx_front,cosmict_7_dQ_dx_front,
single_photon_other,48,cosmict_7_theta,tagger,cosmict_7_theta,cosmict_7_theta,
single_photon_other,49,cosmict_7_phi,tagger,cosmict_7_phi,cosmict_7_phi,
single_photon_other,50,cosmict_flag_8,tagger,cosmict_flag_8,cosmict_flag_8,
single_photon_other,51,cosmict_8_filled,tagger,cosmict_8_filled,cosmict_8_filled,
single_photon_other,52,cosmict_8_flag_out,tagger,cosmict_8_flag_out,cosmict_8_flag_out,
single_photon_other,53,cosmict_8_muon_length,tagger,cosmict_8_muon_length,cosmict_8_muon_length,
single_photon_other,54,cosmict_8_acc_length,tagger,cosmict_8_acc_length,cosmict_8_acc_length,
single_photon_other,55,cosmict_flag_9,tagger,cosmict_flag_9,cosmict_flag_9,
single_photon_other,56,cosmic_flag,tagger,cosmic_flag,cosmic_flag,
single_photon_other,57,cosmic_filled,tagger,cosmic_filled,cosmic_filled,
single_photon_other,58,cosmict_flag,tagger,cosmict_flag,cosmict_flag,
single_photon_other,59,numu_cc_flag,tagger,numu_cc_flag,numu_cc_flag,
single_photon_other,60,shw_sp_br2_num_valid_tracks,tagger,shw_sp_br2_num_valid_tracks,shw_sp_br2_num_valid_tracks,
single_photon_other,61,shw_sp_br2_n_shower_main_segs,tagger,shw_sp_br2_n_shower_main_segs,shw_sp_br2_n_shower_main_segs,
single_photon_other,62,shw_sp_br2_sg_length,tagger,shw_sp_br2_sg_length,shw_sp_br2_sg_length,
single_photon_other,63,shw_sp_br4_1_shower_main_length,tagger,shw_sp_br4_1_shower_main_length,shw_sp_br4_1_shower_main_length,
single_photon_other,64,shw_sp_br4_1_shower_total_length,tagger,shw_sp_br4_1_shower_total_length,shw_sp_br4_1_shower_total_length,
single_photon_other,65,shw_sp_br4_1_min_dis,tagger,shw_sp_br4_1_min_dis,shw_sp_br4_1_min_dis,
single_photon_other,66,shw_sp_br4_1_flag_avoid_muon_check,tagger,shw_sp_br4_1_flag_avoid_muon_check,shw_sp_br4_1_flag_avoid_muon_check,
single_photon_other,67,shw_sp_br4_1_n_vtx_segs,tagger,shw_sp_br4_1_n_vtx_segs,shw_sp_br4_1_n_vtx_segs,
single_photon_other,68,shw_sp_br4_1_n_main_segs,tagger,shw_sp_br4_1_n_main_segs,shw_sp_br4_1_n_main_segs,
single_photon_other,69,shw_sp_br4_2_ratio_45,tagger,shw_sp_br4_2_ratio_45,shw_sp_br4_2_ratio_45,
single_photon_other,70,shw_sp_br4_2_ratio_35,tagger,shw_sp_br4_2_ratio_35,shw_sp_br4_2_ratio_35,
single_photon_other,71,shw_sp_br4_2_ratio_25,tagger,shw_sp_br4_2_ratio_25,shw_sp_br4_2_ratio_25,
single_photon_other,72,shw_sp_br4_2_ratio_15,tagger,shw_sp_br4_2_ratio_15,shw_sp_br4_2_ratio_15,
single_photon_other,73,shw_sp_br4_2_ratio1_45,tagger,shw_sp_br4_2_ratio1_45,shw_sp_br4_2_ratio1_45,
single_photon_other,74,shw_sp_br4_2_ratio1_35,tagger,shw_sp_br4_2_ratio1_35,shw_sp_br4_2_ratio1_35,
single_photon_other,75,shw_sp_br4_2_ratio1_25,tagger,shw_sp_br4_2_ratio1_25,shw_sp_br4_2_ratio1_25,
single_photon_other,76,shw_sp_br4_2_ratio1_15,tagger,shw_sp_br4_2_ratio1_15,shw_sp_br4_2_ratio1_15,
single_photon_other,77,shw_sp_lem_shower_main_length,tagger,shw_sp_lem_shower_main_length,shw_sp_lem_shower_main_length,
single_photon_other,78,shw_sp_lem_n_3seg,tagger,shw_sp_lem_n_3seg,shw_sp_lem_n_3seg,
single_photon_other,79,shw_sp_lem_e_charge,tagger,shw_sp_lem_e_charge,shw_sp_lem_e_charge,
single_photon_other,80,shw_sp_lem_e_dQdx,tagger,shw_sp_lem_e_dQdx,shw_sp_lem_e_dQdx,
single_photon_other,81,shw_sp_lem_shower_num_main_segs,tagger,shw_sp_lem_shower_num_main_segs,shw_sp_lem_shower_num_main_segs,
single_photon_other,82,shw_sp_max_dQ_dx_sample,tagger,shw_sp_max_dQ_dx_sample,shw_sp_max_dQ_dx_sample,
single_photon_other,83,shw_sp_n_below_threshold,tagger,shw_sp_n_below_threshold,shw_sp_n_below_threshold,
single_photon_other,84,shw_sp_n_below_zero,tagger,shw_sp_n_below_zero,shw_sp_n_below_zero,
single_photon_other,85,shw_sp_n_lowest,tagger,shw_sp_n_lowest,shw_sp_n_lowest,
single_photon_other,86,shw_sp_n_highest,tagger,shw_sp_n_highest,shw_sp_n_highest,
single_photon_other,87,shw_sp_lowest_dQ_dx,tagger,shw_sp_lowest_dQ_dx,shw_sp_lowest_dQ_dx,
single_photon_other,88,shw_sp_highest_dQ_dx,tagger,shw_sp_highest_dQ_dx,shw_sp_highest_dQ_dx,
single_photon_other,89,shw_sp_medium_dQ_dx,tagger,shw_sp_medium_dQ_dx,shw_sp_medium_dQ_dx,
single_photon_other,90,shw_sp_stem_length,tagger,shw_sp_stem_length,shw_sp_stem_length,
single_photon_other,91,shw_sp_length_main,tagger,shw_sp_length_main,shw_sp_length_main,
single_photon_other,92,shw_sp_length_total,tagger,shw_sp_length_total,shw_sp_length_total,
single_photon_other,93,shw_sp_n_vertex,tagger,shw_sp_n_vertex,shw_sp_n_vertex,
single_photon_other,94,shw_sp_n_good_tracks,tagger,shw_sp_n_good_tracks,shw_sp_n_good_tracks,
single_photon_other,95,shw_sp_E_indirect_max_energy,tagger,shw_sp_E_indirect_max_energy,shw_sp_E_indirect_max_energy,
single_photon_other,96,shw_sp_flag_all_above,tagger,shw_sp_flag_all_above,shw_sp_flag_all_above,
single_photon_other,97,shw_sp_min_dQ_dx_5,tagger,shw_sp_min_dQ_dx_5,shw_sp_min_dQ_dx_5,
single_photon_other,98,shw_sp_n_other_vertex,tagger,shw_sp_n_other_vertex,shw_sp_n_other_vertex,
single_photon_other,99,shw_sp_n_stem_size,tagger,shw_sp_n_stem_size,shw_sp_n_stem_size,
single_photon_other,100,shw_sp_min_dis,tagger,shw_sp_min_dis,shw_sp_min_dis,
single_photon_other,101,shw_sp_vec_mean_dedx,tagger,shw_sp_vec_mean_dedx,shw_sp_vec_mean_dedx,
single_photon_other,102,shw_sp_vec_dQ_dx_0,tagger,shw_sp_vec_dQ_dx_0,shw_sp_vec_dQ_dx_0,
single_photon_other,103,shw_sp_vec_dQ_dx_1,tagger,shw_sp_vec_dQ_dx_1,shw_sp_vec_dQ_dx_1,
single_photon_other,104,shw_sp_vec_dQ_dx_2,tagger,shw_sp_vec_dQ_dx_2,shw_sp_vec_dQ_dx_2,
single_photon_other,105,shw_sp_vec_dQ_dx_3,tagger,shw_sp_vec_dQ_dx_3,shw_sp_vec_dQ_dx_3,
single_photon_other,106,shw_sp_vec_dQ_dx_4,tagger,shw_sp_vec_dQ_dx_4,shw_sp_vec_dQ_dx_4,
single_photon_other,107,shw_sp_vec_dQ_dx_5,tagger,shw_sp_vec_dQ_dx_5,shw_sp_vec_dQ_dx_5,
single_photon_other,108,shw_sp_vec_dQ_dx_6,tagger,shw_sp_vec_dQ_dx_6,shw_sp_vec_dQ_dx_6,
single_photon_other,109,shw_sp_vec_dQ_dx_7,tagger,shw_sp_vec_dQ_dx_7,shw_sp_vec_dQ_dx_7,
single_photon_other,110,shw_sp_vec_dQ_dx_8,tagger,shw_sp_vec_dQ_dx_8,shw_sp_vec_dQ_dx_8,
single_photon_other,111,shw_sp_vec_dQ_dx_9,tagger,shw_sp_vec_dQ_dx_9,shw_sp_vec_dQ_dx_9,
single_photon_other,112,shw_sp_vec_dQ_dx_10,tagger,shw_sp_vec_dQ_dx_10,shw_sp_vec_dQ_dx_10,
single_photon_other,113,shw_sp_vec_dQ_dx_11,tagger,shw_sp_vec_dQ_dx_11,shw_sp_vec_dQ_dx_11,
single_photon_other,114,shw_sp_vec_dQ_dx_12,tagger,shw_sp_vec_dQ_dx_12,shw_sp_vec_dQ_dx_12,
single_photon_other,115,shw_sp_vec_dQ_dx_13,tagger,shw_sp_vec_dQ_dx_13,shw_sp_vec_dQ_dx_13,
single_photon_other,116,shw_sp_vec_dQ_dx_14,tagger,shw_sp_vec_dQ_dx_14,shw_sp_vec_dQ_dx_14,
single_photon_other,117,shw_sp_vec_dQ_dx_15,tagger,shw_sp_vec_dQ_dx_15,shw_sp_vec_dQ_dx_15,
single_photon_other,118,shw_sp_vec_dQ_dx_16,tagger,shw_sp_vec_dQ_dx_16,shw_sp_vec_dQ_dx_16,
single_photon_other,119,shw_sp_vec_dQ_dx_17,tagger,shw_sp_vec_dQ_dx_17,shw_sp_vec_dQ_dx_17,
single_photon_other,120,shw_sp_vec_dQ_dx_18,tagger,shw_sp_vec_dQ_dx_18,shw_sp_vec_dQ_dx_18,
single_photon_other,121,shw_sp_vec_dQ_dx_19,tagger,shw_sp_vec_dQ_dx_19,shw_sp_vec_dQ_dx_19,
single_photon_other,122,shw_sp_vec_median_dedx,tagger,shw_sp_vec_median_dedx,shw_sp_vec_median_dedx,
single_photon_other,123,shw_sp_proton_length_1,tagger,shw_sp_proton_length_1,shw_sp_proton_length_1,
single_photon_other,124,shw_sp_proton_dqdx_1,tagger,shw_sp_proton_dqdx_1,shw_sp_proton_dqdx_1,
single_photon_other,125,shw_sp_proton_energy_1,tagger,shw_sp_proton_energy_1,shw_sp_proton_energy_1,
single_photon_other,126,shw_sp_proton_length_2,tagger,shw_sp_proton_length_2,shw_sp_proton_length_2,
single_photon_other,127,shw_sp_proton_dqdx_2,tagger,shw_sp_proton_dqdx_2,shw_sp_proton_dqdx_2,
single_photon_other,128,shw_sp_proton_energy_2,tagger,shw_sp_proton_energy_2,shw_sp_proton_energy_2,
single_photon_other,129,shw_sp_n_good_showers,tagger,shw_sp_n_good_showers,shw_sp_n_good_showers,
single_photon_other,130,shw_sp_n_br1_showers,tagger,shw_sp_n_br1_showers,shw_sp_n_br1_showers,
single_photon_other,131,shw_sp_n_br2_showers,tagger,shw_sp_n_br2_showers,shw_sp_n_br2_showers,
single_photon_other,132,shw_sp_n_br3_showers,tagger,shw_sp_n_br3_showers,shw_sp_n_br3_showers,
single_photon_other,133,shw_sp_n_br4_showers,tagger,shw_sp_n_br4_showers,shw_sp_n_br4_showers,
single_photon_other,134,shw_sp_n_20br1_showers,tagger,shw_sp_n_20br1_showers,shw_sp_n_20br1_showers,
single_photon_other,135,shw_sp_shw_vtx_dis,tagger,shw_sp_shw_vtx_dis,shw_sp_shw_vtx_dis,
single_photon_other,136,shw_sp_max_shw_dis,tagger,shw_sp_max_shw_dis,shw_sp_max_shw_dis,
single_photon_other,137,shw_sp_num_mip_tracks,tagger,shw_sp_num_mip_tracks,shw_sp_num_mip_tracks,
single_photon_other,138,shw_sp_num_muons,tagger,shw_sp_num_muons,shw_sp_num_muons,
single_photon_other,139,shw_sp_num_protons,tagger,shw_sp_num_protons,shw_sp_num_protons,
single_photon_other,140,shw_sp_hol_2_min_angle,tagger,shw_sp_hol_2_min_angle,shw_sp_hol_2_min_angle,
single_photon_other,141,cosmict_10_score,tagger,cosmict_10_score,cosmict_10_score,
single_photon_other,142,numu_1_score,tagger,numu_1_score,numu_1_score,
single_photon_other,143,numu_2_score,tagger,numu_2_score,numu_2_score,
single_photon_other,144,numu_score,tagger,numu_score,numu_score,
single_photon_other,145,reco_nuvtxY,tagger,reco_nuvtxY,reco_nuvtxY,
single_photon_ncpi0,0,shw_sp_pio_1_mass,tagger,shw_sp_pio_1_mass,shw_sp_pio_1_mass,
single_photon_ncpi0,1,shw_sp_pio_1_pio_type,tagger,shw_sp_pio_1_pio_type,shw_sp_pio_1_pio_type,
single_photon_ncpi0,2,shw_sp_pio_1_energy_1,tagger,shw_sp_pio_1_energy_1,shw_sp_pio_1_energy_1,
single_photon_ncpi0,3,shw_sp_pio_1_energy_2,tagger,shw_sp_pio_1_energy_2,shw_sp_pio_1_energy_2,
single_photon_ncpi0,4,shw_sp_pio_1_dis_1,tagger,shw_sp_pio_1_dis_1,shw_sp_pio_1_dis_1,
single_photon_ncpi0,5,shw_sp_pio_1_dis_2,tagger,shw_sp_pio_1_dis_2,shw_sp_pio_1_dis_2,
single_photon_ncpi0,6,shw_sp_pio_mip_id,tagger,shw_sp_pio_mip_id,shw_sp_pio_mip_id,
single_photon_ncpi0,7,shw_sp_pio_flag_pio,tagger,shw_sp_pio_flag_pio,shw_sp_pio_flag_pio,
single_photon_ncpi0,8,shw_sp_n_20br1_showers,tagger,shw_sp_n_20br1_showers,shw_sp_n_20br1_showers,
single_photon_ncpi0,9,shw_sp_n_br1_showers,tagger,shw_sp_n_br1_showers,shw_sp_n_br1_showers,
single_photon_ncpi0,10,shw_sp_n_br2_showers,tagger,shw_sp_n_br2_showers,shw_sp_n_br2_showers,
single_photon_ncpi0,11,shw_sp_n_br3_showers,tagger,shw_sp_n_br3_showers,shw_sp_n_br3_showers,
single_photon_ncpi0,12,shw_sp_n_br4_showers,tagger,shw_sp_n_br4_showers,shw_sp_n_br4_showers,
single_photon_ncpi0,13,shw_sp_E_indirect_max_energy,tagger,shw_sp_E_indirect_max_energy,shw_sp_E_indirect_max_energy,
single_photon_ncpi0,14,shw_sp_lol_3_vtx_n_segs,tagger,shw_sp_lol_3_vtx_n_segs,shw_sp_lol_3_vtx_n_segs,
single_photon_ncpi0,15,shw_sp_hol_1_min_length,tagger,shw_sp_hol_1_min_length,shw_sp_hol_1_min_length,
single_photon_ncpi0,16,shw_sp_hol_2_min_angle,tagger,shw_sp_hol_2_min_angle,shw_sp_hol_2_min_angle,
single_photon_ncpi0,17,shw_sp_hol_1_min_angle,tagger,shw_sp_hol_1_min_angle,shw_sp_hol_1_min_angle,
single_photon_ncpi0,18,tro_5_score,tagger,tro_5_score,tro_5_score,
single_photon_ncpi0,19,tro_4_score,tagger,tro_4_score,tro_4_score,
single_photon_ncpi0,20,tro_2_score,tagger,tro_2_score,tro_2_score,
single_photon_ncpi0,21,tro_1_score,tagger,tro_1_score,tro_1_score,
single_photon_ncpi0,22,stw_4_score,tagger,stw_4_score,stw_4_score,
single_photon_ncpi0,23,stw_3_score,tagger,stw_3_score,stw_3_score,
single_photon_ncpi0,24,stw_2_score,tagger,stw_2_score,stw_2_score,
single_photon_ncpi0,25,sig_2_score,tagger,sig_2_score,sig_2_score,
single_photon_ncpi0,26,sig_1_score,tagger,sig_1_score,sig_1_score,
single_photon_ncpi0,27,pio_2_score,tagger,pio_2_score,pio_2_score,
single_photon_ncpi0,28,lol_2_score,tagger,lol_2_score,lol_2_score,
single_photon_ncpi0,29,lol_1_score,tagger,lol_1_score,lol_1_score,
single_photon_ncpi0,30,br3_6_score,tagger,br3_6_score,br3_6_score,
single_photon_ncpi0,31,br3_5_score,tagger,br3_5_score,br3_5_score,
single_photon_ncpi0,32,br3_3_score,tagger,br3_3_score,br3_3_score,
single_photon_ncpi0,33,kine_pio_mass,kine,kine_pio_mass,kine_pio_mass,
single_photon_ncpi0,34,kine_pio_flag,kine,kine_pio_flag,kine_pio_flag,C++ reads from temp_kine_pio_flag (not kine.kine_pio_flag directly); commented-out line suggests known issue
single_photon_ncpi0,35,kine_pio_vtx_dis,kine,kine_pio_vtx_dis,kine_pio_vtx_dis,
single_photon_ncpi0,36,kine_pio_energy_1,kine,kine_pio_energy_1,kine_pio_energy_1,
single_photon_ncpi0,37,kine_pio_theta_1,kine,kine_pio_theta_1,kine_pio_theta_1,
single_photon_ncpi0,38,kine_pio_phi_1,kine,kine_pio_phi_1,kine_pio_phi_1,
single_photon_ncpi0,39,kine_pio_dis_1,kine,kine_pio_dis_1,kine_pio_dis_1,
single_photon_ncpi0,40,kine_pio_energy_2,kine,kine_pio_energy_2,kine_pio_energy_2,
single_photon_ncpi0,41,kine_pio_theta_2,kine,kine_pio_theta_2,kine_pio_theta_2,
single_photon_ncpi0,42,kine_pio_phi_2,kine,kine_pio_phi_2,kine_pio_phi_2,
single_photon_ncpi0,43,kine_pio_dis_2,kine,kine_pio_dis_2,kine_pio_dis_2,
single_photon_ncpi0,44,kine_pio_angle,kine,kine_pio_angle,kine_pio_angle,
single_photon_nue,0,shw_sp_max_dQ_dx_sample,tagger,shw_sp_max_dQ_dx_sample,shw_sp_max_dQ_dx_sample,
single_photon_nue,1,shw_sp_n_below_threshold,tagger,shw_sp_n_below_threshold,shw_sp_n_below_threshold,
single_photon_nue,2,shw_sp_n_below_zero,tagger,shw_sp_n_below_zero,shw_sp_n_below_zero,
single_photon_nue,3,shw_sp_n_lowest,tagger,shw_sp_n_lowest,shw_sp_n_lowest,
single_photon_nue,4,shw_sp_n_highest,tagger,shw_sp_n_highest,shw_sp_n_highest,
single_photon_nue,5,shw_sp_lowest_dQ_dx,tagger,shw_sp_lowest_dQ_dx,shw_sp_lowest_dQ_dx,
single_photon_nue,6,shw_sp_highest_dQ_dx,tagger,shw_sp_highest_dQ_dx,shw_sp_highest_dQ_dx,
single_photon_nue,7,shw_sp_medium_dQ_dx,tagger,shw_sp_medium_dQ_dx,shw_sp_medium_dQ_dx,
single_photon_nue,8,shw_sp_stem_length,tagger,shw_sp_stem_length,shw_sp_stem_length,
single_photon_nue,9,shw_sp_length_main,tagger,shw_sp_length_main,shw_sp_length_main,
single_photon_nue,10,shw_sp_length_total,tagger,shw_sp_length_total,shw_sp_length_total,
single_photon_nue,11,shw_sp_n_vertex,tagger,shw_sp_n_vertex,shw_sp_n_vertex,
single_photon_nue,12,shw_sp_n_good_tracks,tagger,shw_sp_n_good_tracks,shw_sp_n_good_tracks,
single_photon_nue,13,shw_sp_E_indirect_max_energy,tagger,shw_sp_E_indirect_max_energy,shw_sp_E_indirect_max_energy,
single_photon_nue,14,shw_sp_flag_all_above,tagger,shw_sp_flag_all_above,shw_sp_flag_all_above,
single_photon_nue,15,shw_sp_min_dQ_dx_5,tagger,shw_sp_min_dQ_dx_5,shw_sp_min_dQ_dx_5,
single_photon_nue,16,shw_sp_n_other_vertex,tagger,shw_sp_n_other_vertex,shw_sp_n_other_vertex,
single_photon_nue,17,shw_sp_n_stem_size,tagger,shw_sp_n_stem_size,shw_sp_n_stem_size,
single_photon_nue,18,shw_sp_min_dis,tagger,shw_sp_min_dis,shw_sp_min_dis,
single_photon_nue,19,shw_sp_vec_mean_dedx,tagger,shw_sp_vec_mean_dedx,shw_sp_vec_mean_dedx,
single_photon_nue,20,shw_sp_vec_dQ_dx_0,tagger,shw_sp_vec_dQ_dx_0,shw_sp_vec_dQ_dx_0,
single_photon_nue,21,shw_sp_vec_dQ_dx_1,tagger,shw_sp_vec_dQ_dx_1,shw_sp_vec_dQ_dx_1,
single_photon_nue,22,shw_sp_vec_dQ_dx_2,tagger,shw_sp_vec_dQ_dx_2,shw_sp_vec_dQ_dx_2,
single_photon_nue,23,shw_sp_vec_dQ_dx_3,tagger,shw_sp_vec_dQ_dx_3,shw_sp_vec_dQ_dx_3,
single_photon_nue,24,shw_sp_vec_dQ_dx_4,tagger,shw_sp_vec_dQ_dx_4,shw_sp_vec_dQ_dx_4,
single_photon_nue,25,shw_sp_vec_dQ_dx_5,tagger,shw_sp_vec_dQ_dx_5,shw_sp_vec_dQ_dx_5,
single_photon_nue,26,shw_sp_vec_dQ_dx_6,tagger,shw_sp_vec_dQ_dx_6,shw_sp_vec_dQ_dx_6,
single_photon_nue,27,shw_sp_vec_dQ_dx_7,tagger,shw_sp_vec_dQ_dx_7,shw_sp_vec_dQ_dx_7,
single_photon_nue,28,shw_sp_vec_dQ_dx_8,tagger,shw_sp_vec_dQ_dx_8,shw_sp_vec_dQ_dx_8,
single_photon_nue,29,shw_sp_vec_dQ_dx_9,tagger,shw_sp_vec_dQ_dx_9,shw_sp_vec_dQ_dx_9,
single_photon_nue,30,shw_sp_vec_dQ_dx_10,tagger,shw_sp_vec_dQ_dx_10,shw_sp_vec_dQ_dx_10,
single_photon_nue,31,shw_sp_vec_dQ_dx_11,tagger,shw_sp_vec_dQ_dx_11,shw_sp_vec_dQ_dx_11,
single_photon_nue,32,shw_sp_vec_dQ_dx_12,tagger,shw_sp_vec_dQ_dx_12,shw_sp_vec_dQ_dx_12,
single_photon_nue,33,shw_sp_vec_dQ_dx_13,tagger,shw_sp_vec_dQ_dx_13,shw_sp_vec_dQ_dx_13,
single_photon_nue,34,shw_sp_vec_dQ_dx_14,tagger,shw_sp_vec_dQ_dx_14,shw_sp_vec_dQ_dx_14,
single_photon_nue,35,shw_sp_vec_dQ_dx_15,tagger,shw_sp_vec_dQ_dx_15,shw_sp_vec_dQ_dx_15,
single_photon_nue,36,shw_sp_vec_dQ_dx_16,tagger,shw_sp_vec_dQ_dx_16,shw_sp_vec_dQ_dx_16,
single_photon_nue,37,shw_sp_vec_dQ_dx_17,tagger,shw_sp_vec_dQ_dx_17,shw_sp_vec_dQ_dx_17,
single_photon_nue,38,shw_sp_vec_dQ_dx_18,tagger,shw_sp_vec_dQ_dx_18,shw_sp_vec_dQ_dx_18,
single_photon_nue,39,shw_sp_vec_dQ_dx_19,tagger,shw_sp_vec_dQ_dx_19,shw_sp_vec_dQ_dx_19,
single_photon_nue,40,shw_sp_vec_median_dedx,tagger,shw_sp_vec_median_dedx,shw_sp_vec_median_dedx,
single_photon_nue,41,shw_sp_proton_length_1,tagger,shw_sp_proton_length_1,shw_sp_proton_length_1,
single_photon_nue,42,shw_sp_proton_dqdx_1,tagger,shw_sp_proton_dqdx_1,shw_sp_proton_dqdx_1,
single_photon_nue,43,shw_sp_proton_energy_1,tagger,shw_sp_proton_energy_1,shw_sp_proton_energy_1,
single_photon_nue,44,shw_sp_proton_length_2,tagger,shw_sp_proton_length_2,shw_sp_proton_length_2,
single_photon_nue,45,shw_sp_proton_dqdx_2,tagger,shw_sp_proton_dqdx_2,shw_sp_proton_dqdx_2,
single_photon_nue,46,shw_sp_proton_energy_2,tagger,shw_sp_proton_energy_2,shw_sp_proton_energy_2,
single_photon_nue,47,shw_sp_n_good_showers,tagger,shw_sp_n_good_showers,shw_sp_n_good_showers,
single_photon_nue,48,shw_sp_n_20mev_showers,tagger,shw_sp_n_20mev_showers,shw_sp_n_20mev_showers,
single_photon_nue,49,shw_sp_n_br1_showers,tagger,shw_sp_n_br1_showers,shw_sp_n_br1_showers,
single_photon_nue,50,shw_sp_n_br2_showers,tagger,shw_sp_n_br2_showers,shw_sp_n_br2_showers,
single_photon_nue,51,shw_sp_n_br3_showers,tagger,shw_sp_n_br3_showers,shw_sp_n_br3_showers,
single_photon_nue,52,shw_sp_n_br4_showers,tagger,shw_sp_n_br4_showers,shw_sp_n_br4_showers,
single_photon_nue,53,shw_sp_n_20br1_showers,tagger,shw_sp_n_20br1_showers,shw_sp_n_20br1_showers,
single_photon_nue,54,shw_sp_shw_vtx_dis,tagger,shw_sp_shw_vtx_dis,shw_sp_shw_vtx_dis,
single_photon_nue,55,shw_sp_max_shw_dis,tagger,shw_sp_max_shw_dis,shw_sp_max_shw_dis,
