model,input_order,microboone_variable,sbnd_tree,sbnd_branch,status,type_match,events_present,events_finite,events_default_or_sentinel,notes
single_photon_numu,0,numu_cc_flag_3,T_tagger,numu_cc_flag_3,DIRECT_MATCH,YES(float32),57,57,0,
single_photon_numu,1,numu_cc_3_particle_type,T_tagger,numu_cc_3_particle_type,DIRECT_MATCH,YES(float32),57,57,0,
single_photon_numu,2,numu_cc_3_max_length,T_tagger,numu_cc_3_max_length,DIRECT_MATCH,YES(float32),57,57,0,
single_photon_numu,3,numu_cc_3_track_length,T_tagger,numu_cc_3_track_length,DIRECT_MATCH,YES(float32),57,57,0,
single_photon_numu,4,numu_cc_3_max_length_all,T_tagger,numu_cc_3_max_length_all,DIRECT_MATCH,YES(float32),57,57,0,
single_photon_numu,5,numu_cc_3_max_muon_length,T_tagger,numu_cc_3_max_muon_length,DIRECT_MATCH,YES(float32),57,57,0,
single_photon_numu,6,numu_cc_3_n_daughter_tracks,T_tagger,numu_cc_3_n_daughter_tracks,DIRECT_MATCH,YES(float32),57,57,0,
single_photon_numu,7,numu_cc_3_n_daughter_all,T_tagger,numu_cc_3_n_daughter_all,DIRECT_MATCH,YES(float32),57,57,0,
single_photon_numu,8,shw_sp_br1_1_shower_type,T_tagger,shw_sp_br1_1_shower_type,PRESENT_BUT_UNFILLED,YES(float32),57,57,24,Filled for 33/57 events (shw_sp_filled=1); sentinel for 24/57
single_photon_numu,9,shw_sp_br1_1_vtx_n_segs,T_tagger,shw_sp_br1_1_vtx_n_segs,PRESENT_BUT_UNFILLED,YES(float32),57,57,24,Filled for 33/57 events (shw_sp_filled=1); sentinel for 24/57
single_photon_numu,10,shw_sp_br1_1_n_segs,T_tagger,shw_sp_br1_1_n_segs,PRESENT_BUT_UNFILLED,YES(float32),57,57,24,Filled for 33/57 events (shw_sp_filled=1); sentinel for 24/57
single_photon_numu,11,shw_sp_br1_1_sg_length,T_tagger,shw_sp_br1_1_sg_length,PRESENT_BUT_UNFILLED,YES(float32),57,57,24,Filled for 33/57 events (shw_sp_filled=1); sentinel for 24/57
single_photon_numu,12,shw_sp_br1_2_n_connected,T_tagger,shw_sp_br1_2_n_connected,PRESENT_BUT_UNFILLED,YES(float32),57,57,24,Filled for 33/57 events (shw_sp_filled=1); sentinel for 24/57
single_photon_numu,13,shw_sp_br1_2_max_length,T_tagger,shw_sp_br1_2_max_length,PRESENT_BUT_UNFILLED,YES(float32),57,57,24,Filled for 33/57 events (shw_sp_filled=1); sentinel for 24/57
single_photon_numu,14,shw_sp_br1_2_n_connected_1,T_tagger,shw_sp_br1_2_n_connected_1,PRESENT_BUT_UNFILLED,YES(float32),57,57,24,Filled for 33/57 events (shw_sp_filled=1); sentinel for 24/57
single_photon_numu,15,shw_sp_br1_2_n_shower_segs,T_tagger,shw_sp_br1_2_n_shower_segs,PRESENT_BUT_UNFILLED,YES(float32),57,57,24,Filled for 33/57 events (shw_sp_filled=1); sentinel for 24/57
single_photon_numu,16,shw_sp_br1_2_max_length_ratio,T_tagger,shw_sp_br1_2_max_length_ratio,PRESENT_BUT_UNFILLED,YES(float32),57,57,24,Filled for 33/57 events (shw_sp_filled=1); sentinel for 24/57
single_photon_numu,17,shw_sp_br1_2_shower_length,T_tagger,shw_sp_br1_2_shower_length,PRESENT_BUT_UNFILLED,YES(float32),57,57,24,Filled for 33/57 events (shw_sp_filled=1); sentinel for 24/57
single_photon_numu,18,shw_sp_br1_3_max_length_p,T_tagger,shw_sp_br1_3_max_length_p,PRESENT_BUT_UNFILLED,YES(float32),57,57,24,Filled for 33/57 events (shw_sp_filled=1); sentinel for 24/57
single_photon_numu,19,shw_sp_br1_3_n_shower_main_segs,T_tagger,shw_sp_br1_3_n_shower_main_segs,PRESENT_BUT_UNFILLED,YES(float32),57,57,24,Filled for 33/57 events (shw_sp_filled=1); sentinel for 24/57
single_photon_numu,20,shw_sp_br3_1_n_shower_segments,T_tagger,shw_sp_br3_1_n_shower_segments,PRESENT_BUT_UNFILLED,YES(float32),57,57,24,Filled for 33/57 events (shw_sp_filled=1); sentinel for 24/57
single_photon_numu,21,shw_sp_br3_1_sg_direct_length,T_tagger,shw_sp_br3_1_sg_direct_length,PRESENT_BUT_UNFILLED,YES(float32),57,57,24,Filled for 33/57 events (shw_sp_filled=1); sentinel for 24/57
single_photon_numu,22,shw_sp_br3_1_sg_length,T_tagger,shw_sp_br3_1_sg_length,PRESENT_BUT_UNFILLED,YES(float32),57,57,24,Filled for 33/57 events (shw_sp_filled=1); sentinel for 24/57
single_photon_numu,23,shw_sp_br3_1_total_main_length,T_tagger,shw_sp_br3_1_total_main_length,PRESENT_BUT_UNFILLED,YES(float32),57,57,24,Filled for 33/57 events (shw_sp_filled=1); sentinel for 24/57
single_photon_numu,24,shw_sp_br3_1_total_length,T_tagger,shw_sp_br3_1_total_length,PRESENT_BUT_UNFILLED,YES(float32),57,57,24,Filled for 33/57 events (shw_sp_filled=1); sentinel for 24/57
single_photon_numu,25,shw_sp_br3_2_n_ele,T_tagger,shw_sp_br3_2_n_ele,PRESENT_BUT_UNFILLED,YES(float32),57,57,24,Filled for 33/57 events (shw_sp_filled=1); sentinel for 24/57
single_photon_numu,26,shw_sp_br3_2_n_other,T_tagger,shw_sp_br3_2_n_other,PRESENT_BUT_UNFILLED,YES(float32),57,57,24,Filled for 33/57 events (shw_sp_filled=1); sentinel for 24/57
single_photon_numu,27,shw_sp_br3_2_other_fid,T_tagger,shw_sp_br3_2_other_fid,PRESENT_BUT_UNFILLED,YES(float32),57,57,24,Filled for 33/57 events (shw_sp_filled=1); sentinel for 24/57
single_photon_numu,28,shw_sp_br3_4_acc_length,T_tagger,shw_sp_br3_4_acc_length,PRESENT_BUT_UNFILLED,YES(float32),57,57,24,Filled for 33/57 events (shw_sp_filled=1); sentinel for 24/57
single_photon_numu,29,shw_sp_br3_4_total_length,T_tagger,shw_sp_br3_4_total_length,PRESENT_BUT_UNFILLED,YES(float32),57,57,24,Filled for 33/57 events (shw_sp_filled=1); sentinel for 24/57
single_photon_numu,30,shw_sp_br3_8_max_dQ_dx,T_tagger,shw_sp_br3_8_max_dQ_dx,PRESENT_BUT_UNFILLED,YES(float32),57,57,24,Filled for 33/57 events (shw_sp_filled=1); sentinel for 24/57
single_photon_numu,31,shw_sp_br3_8_n_main_segs,T_tagger,shw_sp_br3_8_n_main_segs,PRESENT_BUT_UNFILLED,YES(float32),57,57,24,Filled for 33/57 events (shw_sp_filled=1); sentinel for 24/57
single_photon_numu,32,shw_sp_lem_shower_main_length,T_tagger,shw_sp_lem_shower_main_length,PRESENT_BUT_UNFILLED,YES(float32),57,57,24,Filled for 33/57 events (shw_sp_filled=1); sentinel for 24/57
single_photon_numu,33,shw_sp_lem_n_3seg,T_tagger,shw_sp_lem_n_3seg,PRESENT_BUT_UNFILLED,YES(float32),57,57,24,Filled for 33/57 events (shw_sp_filled=1); sentinel for 24/57
single_photon_numu,34,shw_sp_lem_e_charge,T_tagger,shw_sp_lem_e_charge,PRESENT_BUT_UNFILLED,YES(float32),57,57,24,Filled for 33/57 events (shw_sp_filled=1); sentinel for 24/57
single_photon_numu,35,shw_sp_lem_e_dQdx,T_tagger,shw_sp_lem_e_dQdx,PRESENT_BUT_UNFILLED,YES(float32),57,57,24,Filled for 33/57 events (shw_sp_filled=1); sentinel for 24/57
single_photon_numu,36,shw_sp_lem_shower_num_main_segs,T_tagger,shw_sp_lem_shower_num_main_segs,PRESENT_BUT_UNFILLED,YES(float32),57,57,24,Filled for 33/57 events (shw_sp_filled=1); sentinel for 24/57
single_photon_numu,37,shw_sp_max_dQ_dx_sample,T_tagger,shw_sp_max_dQ_dx_sample,PRESENT_BUT_UNFILLED,YES(float32),57,57,24,Filled for 33/57 events (shw_sp_filled=1); sentinel for 24/57
single_photon_numu,38,shw_sp_n_below_threshold,T_tagger,shw_sp_n_below_threshold,PRESENT_BUT_UNFILLED,YES(float32),57,57,24,Filled for 33/57 events (shw_sp_filled=1); sentinel for 24/57
single_photon_numu,39,shw_sp_n_below_zero,T_tagger,shw_sp_n_below_zero,PRESENT_BUT_UNFILLED,YES(float32),57,57,24,Filled for 33/57 events (shw_sp_filled=1); sentinel for 24/57
single_photon_numu,40,shw_sp_n_lowest,T_tagger,shw_sp_n_lowest,PRESENT_BUT_UNFILLED,YES(float32),57,57,24,Filled for 33/57 events (shw_sp_filled=1); sentinel for 24/57
single_photon_numu,41,shw_sp_n_highest,T_tagger,shw_sp_n_highest,PRESENT_BUT_UNFILLED,YES(float32),57,57,24,Filled for 33/57 events (shw_sp_filled=1); sentinel for 24/57
single_photon_numu,42,shw_sp_lowest_dQ_dx,T_tagger,shw_sp_lowest_dQ_dx,PRESENT_BUT_UNFILLED,YES(float32),57,57,24,Filled for 33/57 events (shw_sp_filled=1); sentinel for 24/57
single_photon_numu,43,shw_sp_highest_dQ_dx,T_tagger,shw_sp_highest_dQ_dx,PRESENT_BUT_UNFILLED,YES(float32),57,57,24,Filled for 33/57 events (shw_sp_filled=1); sentinel for 24/57
single_photon_numu,44,shw_sp_medium_dQ_dx,T_tagger,shw_sp_medium_dQ_dx,PRESENT_BUT_UNFILLED,YES(float32),57,57,24,Filled for 33/57 events (shw_sp_filled=1); sentinel for 24/57
single_photon_numu,45,shw_sp_stem_length,T_tagger,shw_sp_stem_length,PRESENT_BUT_UNFILLED,YES(float32),57,57,24,Filled for 33/57 events (shw_sp_filled=1); sentinel for 24/57
single_photon_numu,46,shw_sp_length_main,T_tagger,shw_sp_length_main,PRESENT_BUT_UNFILLED,YES(float32),57,57,24,Filled for 33/57 events (shw_sp_filled=1); sentinel for 24/57
single_photon_numu,47,shw_sp_length_total,T_tagger,shw_sp_length_total,PRESENT_BUT_UNFILLED,YES(float32),57,57,24,Filled for 33/57 events (shw_sp_filled=1); sentinel for 24/57
single_photon_numu,48,shw_sp_n_vertex,T_tagger,shw_sp_n_vertex,PRESENT_BUT_UNFILLED,YES(float32),57,57,24,Filled for 33/57 events (shw_sp_filled=1); sentinel for 24/57
single_photon_numu,49,shw_sp_n_good_tracks,T_tagger,shw_sp_n_good_tracks,PRESENT_BUT_UNFILLED,YES(float32),57,57,24,Filled for 33/57 events (shw_sp_filled=1); sentinel for 24/57
single_photon_numu,50,shw_sp_E_indirect_max_energy,T_tagger,shw_sp_E_indirect_max_energy,PRESENT_BUT_UNFILLED,YES(float32),57,57,24,Filled for 33/57 events (shw_sp_filled=1); sentinel for 24/57
single_photon_numu,51,shw_sp_flag_all_above,T_tagger,shw_sp_flag_all_above,PRESENT_BUT_UNFILLED,YES(float32),57,57,24,Filled for 33/57 events (shw_sp_filled=1); sentinel for 24/57
single_photon_numu,52,shw_sp_min_dQ_dx_5,T_tagger,shw_sp_min_dQ_dx_5,PRESENT_BUT_UNFILLED,YES(float32),57,57,24,Filled for 33/57 events (shw_sp_filled=1); sentinel for 24/57
single_photon_numu,53,shw_sp_n_other_vertex,T_tagger,shw_sp_n_other_vertex,PRESENT_BUT_UNFILLED,YES(float32),57,57,24,Filled for 33/57 events (shw_sp_filled=1); sentinel for 24/57
single_photon_numu,54,shw_sp_n_stem_size,T_tagger,shw_sp_n_stem_size,PRESENT_BUT_UNFILLED,YES(float32),57,57,24,Filled for 33/57 events (shw_sp_filled=1); sentinel for 24/57
single_photon_numu,55,shw_sp_min_dis,T_tagger,shw_sp_min_dis,PRESENT_BUT_UNFILLED,YES(float32),57,57,24,Filled for 33/57 events (shw_sp_filled=1); sentinel for 24/57
single_photon_numu,56,shw_sp_vec_mean_dedx,T_tagger,shw_sp_vec_mean_dedx,PRESENT_BUT_UNFILLED,YES(float32),57,57,24,Filled for 33/57 events (shw_sp_filled=1); sentinel for 24/57
single_photon_numu,57,shw_sp_proton_length_1,T_tagger,shw_sp_proton_length_1,PRESENT_BUT_UNFILLED,YES(float32),57,57,24,Filled for 33/57 events (shw_sp_filled=1); sentinel for 24/57
single_photon_numu,58,shw_sp_proton_dqdx_1,T_tagger,shw_sp_proton_dqdx_1,PRESENT_BUT_UNFILLED,YES(float32),57,57,24,Filled for 33/57 events (shw_sp_filled=1); sentinel for 24/57
single_photon_numu,59,shw_sp_proton_energy_1,T_tagger,shw_sp_proton_energy_1,PRESENT_BUT_UNFILLED,YES(float32),57,57,24,Filled for 33/57 events (shw_sp_filled=1); sentinel for 24/57
single_photon_numu,60,shw_sp_proton_length_2,T_tagger,shw_sp_proton_length_2,PRESENT_BUT_UNFILLED,YES(float32),57,57,24,Filled for 33/57 events (shw_sp_filled=1); sentinel for 24/57
single_photon_numu,61,shw_sp_proton_dqdx_2,T_tagger,shw_sp_proton_dqdx_2,PRESENT_BUT_UNFILLED,YES(float32),57,57,24,Filled for 33/57 events (shw_sp_filled=1); sentinel for 24/57
single_photon_numu,62,shw_sp_proton_energy_2,T_tagger,shw_sp_proton_energy_2,PRESENT_BUT_UNFILLED,YES(float32),57,57,24,Filled for 33/57 events (shw_sp_filled=1); sentinel for 24/57
single_photon_numu,63,shw_sp_n_good_showers,T_tagger,shw_sp_n_good_showers,PRESENT_BUT_UNFILLED,YES(float32),57,57,24,Filled for 33/57 events (shw_sp_filled=1); sentinel for 24/57
single_photon_numu,64,shw_sp_n_br1_showers,T_tagger,shw_sp_n_br1_showers,PRESENT_BUT_UNFILLED,YES(float32),57,57,24,Filled for 33/57 events (shw_sp_filled=1); sentinel for 24/57
single_photon_numu,65,shw_sp_n_br2_showers,T_tagger,shw_sp_n_br2_showers,PRESENT_BUT_UNFILLED,YES(float32),57,57,24,Filled for 33/57 events (shw_sp_filled=1); sentinel for 24/57
single_photon_numu,66,shw_sp_n_br3_showers,T_tagger,shw_sp_n_br3_showers,PRESENT_BUT_UNFILLED,YES(float32),57,57,24,Filled for 33/57 events (shw_sp_filled=1); sentinel for 24/57
single_photon_numu,67,shw_sp_n_br4_showers,T_tagger,shw_sp_n_br4_showers,PRESENT_BUT_UNFILLED,YES(float32),57,57,24,Filled for 33/57 events (shw_sp_filled=1); sentinel for 24/57
single_photon_numu,68,shw_sp_n_20br1_showers,T_tagger,shw_sp_n_20br1_showers,PRESENT_BUT_UNFILLED,YES(float32),57,57,24,Filled for 33/57 events (shw_sp_filled=1); sentinel for 24/57
single_photon_numu,69,shw_sp_shw_vtx_dis,T_tagger,shw_sp_shw_vtx_dis,PRESENT_BUT_UNFILLED,YES(float32),57,57,24,Filled for 33/57 events (shw_sp_filled=1); sentinel for 24/57
single_photon_numu,70,shw_sp_max_shw_dis,T_tagger,shw_sp_max_shw_dis,PRESENT_BUT_UNFILLED,YES(float32),57,57,24,Filled for 33/57 events (shw_sp_filled=1); sentinel for 24/57
single_photon_numu,71,numu_1_score,T_tagger,numu_1_score,DIRECT_MATCH,YES(float32),57,57,0,
single_photon_numu,72,numu_score,T_tagger,numu_score,DIRECT_MATCH,YES(float32),57,57,0,
single_photon_other,0,cosmict_flag_2,T_tagger,cosmict_flag_2,DIRECT_MATCH,YES(float32),57,57,0,
single_photon_other,1,cosmict_2_filled,T_tagger,cosmict_2_filled,DIRECT_MATCH,YES(float32),57,57,0,
single_photon_other,2,cosmict_2_particle_type,T_tagger,cosmict_2_particle_type,DIRECT_MATCH,YES(float32),57,57,0,
single_photon_other,3,cosmict_2_n_muon_tracks,T_tagger,cosmict_2_n_muon_tracks,DIRECT_MATCH,YES(float32),57,57,0,
single_photon_other,4,cosmict_2_total_shower_length,T_tagger,cosmict_2_total_shower_length,DIRECT_MATCH,YES(float32),57,57,0,
single_photon_other,5,cosmict_2_flag_inside,T_tagger,cosmict_2_flag_inside,DIRECT_MATCH,YES(float32),57,57,0,
single_photon_other,6,cosmict_2_angle_beam,T_tagger,cosmict_2_angle_beam,DIRECT_MATCH,YES(float32),57,57,0,
single_photon_other,7,cosmict_2_flag_dir_weak,T_tagger,cosmict_2_flag_dir_weak,DIRECT_MATCH,YES(float32),57,57,0,
single_photon_other,8,cosmict_2_dQ_dx_end,T_tagger,cosmict_2_dQ_dx_end,DIRECT_MATCH,YES(float32),57,57,0,
single_photon_other,9,cosmict_2_dQ_dx_front,T_tagger,cosmict_2_dQ_dx_front,DIRECT_MATCH,YES(float32),57,57,0,
single_photon_other,10,cosmict_2_theta,T_tagger,cosmict_2_theta,DIRECT_MATCH,YES(float32),57,57,0,
single_photon_other,11,cosmict_2_phi,T_tagger,cosmict_2_phi,DIRECT_MATCH,YES(float32),57,57,0,
single_photon_other,12,cosmict_2_valid_tracks,T_tagger,cosmict_2_valid_tracks,DIRECT_MATCH,YES(float32),57,57,0,
single_photon_other,13,cosmict_flag_4,T_tagger,cosmict_flag_4,DIRECT_MATCH,YES(float32),57,57,0,
single_photon_other,14,cosmict_4_filled,T_tagger,cosmict_4_filled,DIRECT_MATCH,YES(float32),57,57,0,
single_photon_other,15,cosmict_4_flag_inside,T_tagger,cosmict_4_flag_inside,DIRECT_MATCH,YES(float32),57,57,0,
single_photon_other,16,cosmict_4_angle_beam,T_tagger,cosmict_4_angle_beam,DIRECT_MATCH,YES(float32),57,57,0,
single_photon_other,17,cosmict_4_connected_showers,T_tagger,cosmict_4_connected_showers,DIRECT_MATCH,YES(float32),57,57,0,
single_photon_other,18,cosmict_flag_3,T_tagger,cosmict_flag_3,DIRECT_MATCH,YES(float32),57,57,0,
single_photon_other,19,cosmict_3_filled,T_tagger,cosmict_3_filled,DIRECT_MATCH,YES(float32),57,57,0,
single_photon_other,20,cosmict_3_flag_inside,T_tagger,cosmict_3_flag_inside,DIRECT_MATCH,YES(float32),57,57,0,
single_photon_other,21,cosmict_3_angle_beam,T_tagger,cosmict_3_angle_beam,DIRECT_MATCH,YES(float32),57,57,0,
single_photon_other,22,cosmict_3_flag_dir_weak,T_tagger,cosmict_3_flag_dir_weak,DIRECT_MATCH,YES(float32),57,57,0,
single_photon_other,23,cosmict_3_dQ_dx_end,T_tagger,cosmict_3_dQ_dx_end,DIRECT_MATCH,YES(float32),57,57,0,
single_photon_other,24,cosmict_3_dQ_dx_front,T_tagger,cosmict_3_dQ_dx_front,DIRECT_MATCH,YES(float32),57,57,0,
single_photon_other,25,cosmict_3_theta,T_tagger,cosmict_3_theta,DIRECT_MATCH,YES(float32),57,57,0,
single_photon_other,26,cosmict_3_phi,T_tagger,cosmict_3_phi,DIRECT_MATCH,YES(float32),57,57,0,
single_photon_other,27,cosmict_3_valid_tracks,T_tagger,cosmict_3_valid_tracks,DIRECT_MATCH,YES(float32),57,57,0,
single_photon_other,28,cosmict_flag_5,T_tagger,cosmict_flag_5,DIRECT_MATCH,YES(float32),57,57,0,
single_photon_other,29,cosmict_5_filled,T_tagger,cosmict_5_filled,DIRECT_MATCH,YES(float32),57,57,0,
single_photon_other,30,cosmict_5_flag_inside,T_tagger,cosmict_5_flag_inside,DIRECT_MATCH,YES(float32),57,57,0,
single_photon_other,31,cosmict_5_angle_beam,T_tagger,cosmict_5_angle_beam,DIRECT_MATCH,YES(float32),57,57,0,
single_photon_other,32,cosmict_5_connected_showers,T_tagger,cosmict_5_connected_showers,DIRECT_MATCH,YES(float32),57,57,0,
single_photon_other,33,cosmict_flag_6,T_tagger,cosmict_flag_6,DIRECT_MATCH,YES(float32),57,57,0,
single_photon_other,34,cosmict_6_filled,T_tagger,cosmict_6_filled,DIRECT_MATCH,YES(float32),57,57,0,
single_photon_other,35,cosmict_6_flag_dir_weak,T_tagger,cosmict_6_flag_dir_weak,DIRECT_MATCH,YES(float32),57,57,0,
single_photon_other,36,cosmict_6_flag_inside,T_tagger,cosmict_6_flag_inside,DIRECT_MATCH,YES(float32),57,57,0,
single_photon_other,37,cosmict_6_angle,T_tagger,cosmict_6_angle,DIRECT_MATCH,YES(float32),57,57,0,
single_photon_other,38,cosmict_flag_7,T_tagger,cosmict_flag_7,DIRECT_MATCH,YES(float32),57,57,0,
single_photon_other,39,cosmict_7_filled,T_tagger,cosmict_7_filled,DIRECT_MATCH,YES(float32),57,57,0,
single_photon_other,40,cosmict_7_flag_sec,T_tagger,cosmict_7_flag_sec,DIRECT_MATCH,YES(float32),57,57,0,
single_photon_other,41,cosmict_7_n_muon_tracks,T_tagger,cosmict_7_n_muon_tracks,DIRECT_MATCH,YES(float32),57,57,0,
single_photon_other,42,cosmict_7_total_shower_length,T_tagger,cosmict_7_total_shower_length,DIRECT_MATCH,YES(float32),57,57,0,
single_photon_other,43,cosmict_7_flag_inside,T_tagger,cosmict_7_flag_inside,DIRECT_MATCH,YES(float32),57,57,0,
single_photon_other,44,cosmict_7_angle_beam,T_tagger,cosmict_7_angle_beam,DIRECT_MATCH,YES(float32),57,57,0,
single_photon_other,45,cosmict_7_flag_dir_weak,T_tagger,cosmict_7_flag_dir_weak,DIRECT_MATCH,YES(float32),57,57,0,
single_photon_other,46,cosmict_7_dQ_dx_end,T_tagger,cosmict_7_dQ_dx_end,DIRECT_MATCH,YES(float32),57,57,0,
single_photon_other,47,cosmict_7_dQ_dx_front,T_tagger,cosmict_7_dQ_dx_front,DIRECT_MATCH,YES(float32),57,57,0,
single_photon_other,48,cosmict_7_theta,T_tagger,cosmict_7_theta,DIRECT_MATCH,YES(float32),57,57,0,
single_photon_other,49,cosmict_7_phi,T_tagger,cosmict_7_phi,DIRECT_MATCH,YES(float32),57,57,0,
single_photon_other,50,cosmict_flag_8,T_tagger,cosmict_flag_8,DIRECT_MATCH,YES(float32),57,57,0,
single_photon_other,51,cosmict_8_filled,T_tagger,cosmict_8_filled,DIRECT_MATCH,YES(float32),57,57,0,
single_photon_other,52,cosmict_8_flag_out,T_tagger,cosmict_8_flag_out,DIRECT_MATCH,YES(float32),57,57,0,
single_photon_other,53,cosmict_8_muon_length,T_tagger,cosmict_8_muon_length,DIRECT_MATCH,YES(float32),57,57,0,
single_photon_other,54,cosmict_8_acc_length,T_tagger,cosmict_8_acc_length,DIRECT_MATCH,YES(float32),57,57,0,
single_photon_other,55,cosmict_flag_9,T_tagger,cosmict_flag_9,DIRECT_MATCH,YES(float32),57,57,0,
single_photon_other,56,cosmic_flag,T_tagger,cosmic_flag,DIRECT_MATCH,YES(float32),57,57,0,
single_photon_other,57,cosmic_filled,T_tagger,cosmic_filled,DIRECT_MATCH,YES(float32),57,57,0,cosmic_filled=0 when cosmic tagger not evaluated for that event
single_photon_other,58,cosmict_flag,T_tagger,cosmict_flag,DIRECT_MATCH,YES(float32),57,57,0,
single_photon_other,59,numu_cc_flag,T_tagger,numu_cc_flag,DIRECT_MATCH,YES(float32),57,57,0,
single_photon_other,60,shw_sp_br2_num_valid_tracks,T_tagger,shw_sp_br2_num_valid_tracks,PRESENT_BUT_UNFILLED,YES(float32),57,57,24,Filled for 33/57 events (shw_sp_filled=1); sentinel for 24/57
single_photon_other,61,shw_sp_br2_n_shower_main_segs,T_tagger,shw_sp_br2_n_shower_main_segs,PRESENT_BUT_UNFILLED,YES(float32),57,57,24,Filled for 33/57 events (shw_sp_filled=1); sentinel for 24/57
single_photon_other,62,shw_sp_br2_sg_length,T_tagger,shw_sp_br2_sg_length,PRESENT_BUT_UNFILLED,YES(float32),57,57,24,Filled for 33/57 events (shw_sp_filled=1); sentinel for 24/57
single_photon_other,63,shw_sp_br4_1_shower_main_length,T_tagger,shw_sp_br4_1_shower_main_length,PRESENT_BUT_UNFILLED,YES(float32),57,57,24,Filled for 33/57 events (shw_sp_filled=1); sentinel for 24/57
single_photon_other,64,shw_sp_br4_1_shower_total_length,T_tagger,shw_sp_br4_1_shower_total_length,PRESENT_BUT_UNFILLED,YES(float32),57,57,24,Filled for 33/57 events (shw_sp_filled=1); sentinel for 24/57
single_photon_other,65,shw_sp_br4_1_min_dis,T_tagger,shw_sp_br4_1_min_dis,PRESENT_BUT_UNFILLED,YES(float32),57,57,24,Filled for 33/57 events (shw_sp_filled=1); sentinel for 24/57
single_photon_other,66,shw_sp_br4_1_flag_avoid_muon_check,T_tagger,shw_sp_br4_1_flag_avoid_muon_check,PRESENT_BUT_UNFILLED,YES(float32),57,57,24,Filled for 33/57 events (shw_sp_filled=1); sentinel for 24/57
single_photon_other,67,shw_sp_br4_1_n_vtx_segs,T_tagger,shw_sp_br4_1_n_vtx_segs,PRESENT_BUT_UNFILLED,YES(float32),57,57,24,Filled for 33/57 events (shw_sp_filled=1); sentinel for 24/57
single_photon_other,68,shw_sp_br4_1_n_main_segs,T_tagger,shw_sp_br4_1_n_main_segs,PRESENT_BUT_UNFILLED,YES(float32),57,57,24,Filled for 33/57 events (shw_sp_filled=1); sentinel for 24/57
single_photon_other,69,shw_sp_br4_2_ratio_45,T_tagger,shw_sp_br4_2_ratio_45,PRESENT_BUT_UNFILLED,YES(float32),57,57,24,Filled for 33/57 events (shw_sp_filled=1); sentinel for 24/57
single_photon_other,70,shw_sp_br4_2_ratio_35,T_tagger,shw_sp_br4_2_ratio_35,PRESENT_BUT_UNFILLED,YES(float32),57,57,24,Filled for 33/57 events (shw_sp_filled=1); sentinel for 24/57
single_photon_other,71,shw_sp_br4_2_ratio_25,T_tagger,shw_sp_br4_2_ratio_25,PRESENT_BUT_UNFILLED,YES(float32),57,57,24,Filled for 33/57 events (shw_sp_filled=1); sentinel for 24/57
single_photon_other,72,shw_sp_br4_2_ratio_15,T_tagger,shw_sp_br4_2_ratio_15,PRESENT_BUT_UNFILLED,YES(float32),57,57,24,Filled for 33/57 events (shw_sp_filled=1); sentinel for 24/57
single_photon_other,73,shw_sp_br4_2_ratio1_45,T_tagger,shw_sp_br4_2_ratio1_45,PRESENT_BUT_UNFILLED,YES(float32),57,57,24,Filled for 33/57 events (shw_sp_filled=1); sentinel for 24/57
single_photon_other,74,shw_sp_br4_2_ratio1_35,T_tagger,shw_sp_br4_2_ratio1_35,PRESENT_BUT_UNFILLED,YES(float32),57,57,24,Filled for 33/57 events (shw_sp_filled=1); sentinel for 24/57
single_photon_other,75,shw_sp_br4_2_ratio1_25,T_tagger,shw_sp_br4_2_ratio1_25,PRESENT_BUT_UNFILLED,YES(float32),57,57,24,Filled for 33/57 events (shw_sp_filled=1); sentinel for 24/57
single_photon_other,76,shw_sp_br4_2_ratio1_15,T_tagger,shw_sp_br4_2_ratio1_15,PRESENT_BUT_UNFILLED,YES(float32),57,57,24,Filled for 33/57 events (shw_sp_filled=1); sentinel for 24/57
single_photon_other,77,shw_sp_lem_shower_main_length,T_tagger,shw_sp_lem_shower_main_length,PRESENT_BUT_UNFILLED,YES(float32),57,57,24,Filled for 33/57 events (shw_sp_filled=1); sentinel for 24/57
single_photon_other,78,shw_sp_lem_n_3seg,T_tagger,shw_sp_lem_n_3seg,PRESENT_BUT_UNFILLED,YES(float32),57,57,24,Filled for 33/57 events (shw_sp_filled=1); sentinel for 24/57
single_photon_other,79,shw_sp_lem_e_charge,T_tagger,shw_sp_lem_e_charge,PRESENT_BUT_UNFILLED,YES(float32),57,57,24,Filled for 33/57 events (shw_sp_filled=1); sentinel for 24/57
single_photon_other,80,shw_sp_lem_e_dQdx,T_tagger,shw_sp_lem_e_dQdx,PRESENT_BUT_UNFILLED,YES(float32),57,57,24,Filled for 33/57 events (shw_sp_filled=1); sentinel for 24/57
single_photon_other,81,shw_sp_lem_shower_num_main_segs,T_tagger,shw_sp_lem_shower_num_main_segs,PRESENT_BUT_UNFILLED,YES(float32),57,57,24,Filled for 33/57 events (shw_sp_filled=1); sentinel for 24/57
single_photon_other,82,shw_sp_max_dQ_dx_sample,T_tagger,shw_sp_max_dQ_dx_sample,PRESENT_BUT_UNFILLED,YES(float32),57,57,24,Filled for 33/57 events (shw_sp_filled=1); sentinel for 24/57
single_photon_other,83,shw_sp_n_below_threshold,T_tagger,shw_sp_n_below_threshold,PRESENT_BUT_UNFILLED,YES(float32),57,57,24,Filled for 33/57 events (shw_sp_filled=1); sentinel for 24/57
single_photon_other,84,shw_sp_n_below_zero,T_tagger,shw_sp_n_below_zero,PRESENT_BUT_UNFILLED,YES(float32),57,57,24,Filled for 33/57 events (shw_sp_filled=1); sentinel for 24/57
single_photon_other,85,shw_sp_n_lowest,T_tagger,shw_sp_n_lowest,PRESENT_BUT_UNFILLED,YES(float32),57,57,24,Filled for 33/57 events (shw_sp_filled=1); sentinel for 24/57
single_photon_other,86,shw_sp_n_highest,T_tagger,shw_sp_n_highest,PRESENT_BUT_UNFILLED,YES(float32),57,57,24,Filled for 33/57 events (shw_sp_filled=1); sentinel for 24/57
single_photon_other,87,shw_sp_lowest_dQ_dx,T_tagger,shw_sp_lowest_dQ_dx,PRESENT_BUT_UNFILLED,YES(float32),57,57,24,Filled for 33/57 events (shw_sp_filled=1); sentinel for 24/57
single_photon_other,88,shw_sp_highest_dQ_dx,T_tagger,shw_sp_highest_dQ_dx,PRESENT_BUT_UNFILLED,YES(float32),57,57,24,Filled for 33/57 events (shw_sp_filled=1); sentinel for 24/57
single_photon_other,89,shw_sp_medium_dQ_dx,T_tagger,shw_sp_medium_dQ_dx,PRESENT_BUT_UNFILLED,YES(float32),57,57,24,Filled for 33/57 events (shw_sp_filled=1); sentinel for 24/57
single_photon_other,90,shw_sp_stem_length,T_tagger,shw_sp_stem_length,PRESENT_BUT_UNFILLED,YES(float32),57,57,24,Filled for 33/57 events (shw_sp_filled=1); sentinel for 24/57
single_photon_other,91,shw_sp_length_main,T_tagger,shw_sp_length_main,PRESENT_BUT_UNFILLED,YES(float32),57,57,24,Filled for 33/57 events (shw_sp_filled=1); sentinel for 24/57
single_photon_other,92,shw_sp_length_total,T_tagger,shw_sp_length_total,PRESENT_BUT_UNFILLED,YES(float32),57,57,24,Filled for 33/57 events (shw_sp_filled=1); sentinel for 24/57
single_photon_other,93,shw_sp_n_vertex,T_tagger,shw_sp_n_vertex,PRESENT_BUT_UNFILLED,YES(float32),57,57,24,Filled for 33/57 events (shw_sp_filled=1); sentinel for 24/57
single_photon_other,94,shw_sp_n_good_tracks,T_tagger,shw_sp_n_good_tracks,PRESENT_BUT_UNFILLED,YES(float32),57,57,24,Filled for 33/57 events (shw_sp_filled=1); sentinel for 24/57
single_photon_other,95,shw_sp_E_indirect_max_energy,T_tagger,shw_sp_E_indirect_max_energy,PRESENT_BUT_UNFILLED,YES(float32),57,57,24,Filled for 33/57 events (shw_sp_filled=1); sentinel for 24/57
single_photon_other,96,shw_sp_flag_all_above,T_tagger,shw_sp_flag_all_above,PRESENT_BUT_UNFILLED,YES(float32),57,57,24,Filled for 33/57 events (shw_sp_filled=1); sentinel for 24/57
single_photon_other,97,shw_sp_min_dQ_dx_5,T_tagger,shw_sp_min_dQ_dx_5,PRESENT_BUT_UNFILLED,YES(float32),57,57,24,Filled for 33/57 events (shw_sp_filled=1); sentinel for 24/57
single_photon_other,98,shw_sp_n_other_vertex,T_tagger,shw_sp_n_other_vertex,PRESENT_BUT_UNFILLED,YES(float32),57,57,24,Filled for 33/57 events (shw_sp_filled=1); sentinel for 24/57
single_photon_other,99,shw_sp_n_stem_size,T_tagger,shw_sp_n_stem_size,PRESENT_BUT_UNFILLED,YES(float32),57,57,24,Filled for 33/57 events (shw_sp_filled=1); sentinel for 24/57
single_photon_other,100,shw_sp_min_dis,T_tagger,shw_sp_min_dis,PRESENT_BUT_UNFILLED,YES(float32),57,57,24,Filled for 33/57 events (shw_sp_filled=1); sentinel for 24/57
single_photon_other,101,shw_sp_vec_mean_dedx,T_tagger,shw_sp_vec_mean_dedx,PRESENT_BUT_UNFILLED,YES(float32),57,57,24,Filled for 33/57 events (shw_sp_filled=1); sentinel for 24/57
single_photon_other,102,shw_sp_vec_dQ_dx_0,T_tagger,shw_sp_vec_dQ_dx_0,PRESENT_BUT_UNFILLED,YES(float32),57,57,24,Filled for 33/57 events (shw_sp_filled=1); sentinel for 24/57
single_photon_other,103,shw_sp_vec_dQ_dx_1,T_tagger,shw_sp_vec_dQ_dx_1,PRESENT_BUT_UNFILLED,YES(float32),57,57,24,Filled for 33/57 events (shw_sp_filled=1); sentinel for 24/57
single_photon_other,104,shw_sp_vec_dQ_dx_2,T_tagger,shw_sp_vec_dQ_dx_2,PRESENT_BUT_UNFILLED,YES(float32),57,57,24,Filled for 33/57 events (shw_sp_filled=1); sentinel for 24/57
single_photon_other,105,shw_sp_vec_dQ_dx_3,T_tagger,shw_sp_vec_dQ_dx_3,PRESENT_BUT_UNFILLED,YES(float32),57,57,24,Filled for 33/57 events (shw_sp_filled=1); sentinel for 24/57
single_photon_other,106,shw_sp_vec_dQ_dx_4,T_tagger,shw_sp_vec_dQ_dx_4,PRESENT_BUT_UNFILLED,YES(float32),57,57,24,Filled for 33/57 events (shw_sp_filled=1); sentinel for 24/57
single_photon_other,107,shw_sp_vec_dQ_dx_5,T_tagger,shw_sp_vec_dQ_dx_5,PRESENT_BUT_UNFILLED,YES(float32),57,57,24,Filled for 33/57 events (shw_sp_filled=1); sentinel for 24/57
single_photon_other,108,shw_sp_vec_dQ_dx_6,T_tagger,shw_sp_vec_dQ_dx_6,PRESENT_BUT_UNFILLED,YES(float32),57,57,24,Filled for 33/57 events (shw_sp_filled=1); sentinel for 24/57
single_photon_other,109,shw_sp_vec_dQ_dx_7,T_tagger,shw_sp_vec_dQ_dx_7,PRESENT_BUT_UNFILLED,YES(float32),57,57,24,Filled for 33/57 events (shw_sp_filled=1); sentinel for 24/57
single_photon_other,110,shw_sp_vec_dQ_dx_8,T_tagger,shw_sp_vec_dQ_dx_8,PRESENT_BUT_UNFILLED,YES(float32),57,57,24,Filled for 33/57 events (shw_sp_filled=1); sentinel for 24/57
single_photon_other,111,shw_sp_vec_dQ_dx_9,T_tagger,shw_sp_vec_dQ_dx_9,PRESENT_BUT_UNFILLED,YES(float32),57,57,24,Filled for 33/57 events (shw_sp_filled=1); sentinel for 24/57
single_photon_other,112,shw_sp_vec_dQ_dx_10,T_tagger,shw_sp_vec_dQ_dx_10,PRESENT_BUT_UNFILLED,YES(float32),57,57,24,Filled for 33/57 events (shw_sp_filled=1); sentinel for 24/57
single_photon_other,113,shw_sp_vec_dQ_dx_11,T_tagger,shw_sp_vec_dQ_dx_11,PRESENT_BUT_UNFILLED,YES(float32),57,57,24,Filled for 33/57 events (shw_sp_filled=1); sentinel for 24/57
single_photon_other,114,shw_sp_vec_dQ_dx_12,T_tagger,shw_sp_vec_dQ_dx_12,PRESENT_BUT_UNFILLED,YES(float32),57,57,24,Filled for 33/57 events (shw_sp_filled=1); sentinel for 24/57
single_photon_other,115,shw_sp_vec_dQ_dx_13,T_tagger,shw_sp_vec_dQ_dx_13,PRESENT_BUT_UNFILLED,YES(float32),57,57,24,Filled for 33/57 events (shw_sp_filled=1); sentinel for 24/57
single_photon_other,116,shw_sp_vec_dQ_dx_14,T_tagger,shw_sp_vec_dQ_dx_14,PRESENT_BUT_UNFILLED,YES(float32),57,57,24,Filled for 33/57 events (shw_sp_filled=1); sentinel for 24/57
single_photon_other,117,shw_sp_vec_dQ_dx_15,T_tagger,shw_sp_vec_dQ_dx_15,PRESENT_BUT_UNFILLED,YES(float32),57,57,24,Filled for 33/57 events (shw_sp_filled=1); sentinel for 24/57
single_photon_other,118,shw_sp_vec_dQ_dx_16,T_tagger,shw_sp_vec_dQ_dx_16,PRESENT_BUT_UNFILLED,YES(float32),57,57,24,Filled for 33/57 events (shw_sp_filled=1); sentinel for 24/57
single_photon_other,119,shw_sp_vec_dQ_dx_17,T_tagger,shw_sp_vec_dQ_dx_17,PRESENT_BUT_UNFILLED,YES(float32),57,57,24,Filled for 33/57 events (shw_sp_filled=1); sentinel for 24/57
single_photon_other,120,shw_sp_vec_dQ_dx_18,T_tagger,shw_sp_vec_dQ_dx_18,PRESENT_BUT_UNFILLED,YES(float32),57,57,24,Filled for 33/57 events (shw_sp_filled=1); sentinel for 24/57
single_photon_other,121,shw_sp_vec_dQ_dx_19,T_tagger,shw_sp_vec_dQ_dx_19,PRESENT_BUT_UNFILLED,YES(float32),57,57,24,Filled for 33/57 events (shw_sp_filled=1); sentinel for 24/57
single_photon_other,122,shw_sp_vec_median_dedx,T_tagger,shw_sp_vec_median_dedx,PRESENT_BUT_UNFILLED,YES(float32),57,57,24,Filled for 33/57 events (shw_sp_filled=1); sentinel for 24/57
single_photon_other,123,shw_sp_proton_length_1,T_tagger,shw_sp_proton_length_1,PRESENT_BUT_UNFILLED,YES(float32),57,57,24,Filled for 33/57 events (shw_sp_filled=1); sentinel for 24/57
single_photon_other,124,shw_sp_proton_dqdx_1,T_tagger,shw_sp_proton_dqdx_1,PRESENT_BUT_UNFILLED,YES(float32),57,57,24,Filled for 33/57 events (shw_sp_filled=1); sentinel for 24/57
single_photon_other,125,shw_sp_proton_energy_1,T_tagger,shw_sp_proton_energy_1,PRESENT_BUT_UNFILLED,YES(float32),57,57,24,Filled for 33/57 events (shw_sp_filled=1); sentinel for 24/57
single_photon_other,126,shw_sp_proton_length_2,T_tagger,shw_sp_proton_length_2,PRESENT_BUT_UNFILLED,YES(float32),57,57,24,Filled for 33/57 events (shw_sp_filled=1); sentinel for 24/57
single_photon_other,127,shw_sp_proton_dqdx_2,T_tagger,shw_sp_proton_dqdx_2,PRESENT_BUT_UNFILLED,YES(float32),57,57,24,Filled for 33/57 events (shw_sp_filled=1); sentinel for 24/57
single_photon_other,128,shw_sp_proton_energy_2,T_tagger,shw_sp_proton_energy_2,PRESENT_BUT_UNFILLED,YES(float32),57,57,24,Filled for 33/57 events (shw_sp_filled=1); sentinel for 24/57
single_photon_other,129,shw_sp_n_good_showers,T_tagger,shw_sp_n_good_showers,PRESENT_BUT_UNFILLED,YES(float32),57,57,24,Filled for 33/57 events (shw_sp_filled=1); sentinel for 24/57
single_photon_other,130,shw_sp_n_br1_showers,T_tagger,shw_sp_n_br1_showers,PRESENT_BUT_UNFILLED,YES(float32),57,57,24,Filled for 33/57 events (shw_sp_filled=1); sentinel for 24/57
single_photon_other,131,shw_sp_n_br2_showers,T_tagger,shw_sp_n_br2_showers,PRESENT_BUT_UNFILLED,YES(float32),57,57,24,Filled for 33/57 events (shw_sp_filled=1); sentinel for 24/57
single_photon_other,132,shw_sp_n_br3_showers,T_tagger,shw_sp_n_br3_showers,PRESENT_BUT_UNFILLED,YES(float32),57,57,24,Filled for 33/57 events (shw_sp_filled=1); sentinel for 24/57
single_photon_other,133,shw_sp_n_br4_showers,T_tagger,shw_sp_n_br4_showers,PRESENT_BUT_UNFILLED,YES(float32),57,57,24,Filled for 33/57 events (shw_sp_filled=1); sentinel for 24/57
single_photon_other,134,shw_sp_n_20br1_showers,T_tagger,shw_sp_n_20br1_showers,PRESENT_BUT_UNFILLED,YES(float32),57,57,24,Filled for 33/57 events (shw_sp_filled=1); sentinel for 24/57
single_photon_other,135,shw_sp_shw_vtx_dis,T_tagger,shw_sp_shw_vtx_dis,PRESENT_BUT_UNFILLED,YES(float32),57,57,24,Filled for 33/57 events (shw_sp_filled=1); sentinel for 24/57
single_photon_other,136,shw_sp_max_shw_dis,T_tagger,shw_sp_max_shw_dis,PRESENT_BUT_UNFILLED,YES(float32),57,57,24,Filled for 33/57 events (shw_sp_filled=1); sentinel for 24/57
single_photon_other,137,shw_sp_num_mip_tracks,T_tagger,shw_sp_num_mip_tracks,PRESENT_BUT_UNFILLED,YES(float32),57,57,24,Filled for 33/57 events (shw_sp_filled=1); sentinel for 24/57
single_photon_other,138,shw_sp_num_muons,T_tagger,shw_sp_num_muons,PRESENT_BUT_UNFILLED,YES(float32),57,57,24,Filled for 33/57 events (shw_sp_filled=1); sentinel for 24/57
single_photon_other,139,shw_sp_num_protons,T_tagger,shw_sp_num_protons,PRESENT_BUT_UNFILLED,YES(float32),57,57,24,Filled for 33/57 events (shw_sp_filled=1); sentinel for 24/57
single_photon_other,140,shw_sp_hol_2_min_angle,T_tagger,shw_sp_hol_2_min_angle,PRESENT_BUT_UNFILLED,YES(float32),57,57,24,Filled for 33/57 events (shw_sp_filled=1); sentinel for 24/57
single_photon_other,141,cosmict_10_score,T_tagger,cosmict_10_score,DIRECT_MATCH,YES(float32),57,57,0,
single_photon_other,142,numu_1_score,T_tagger,numu_1_score,DIRECT_MATCH,YES(float32),57,57,0,
single_photon_other,143,numu_2_score,T_tagger,numu_2_score,DIRECT_MATCH,YES(float32),57,57,0,
single_photon_other,144,numu_score,T_tagger,numu_score,DIRECT_MATCH,YES(float32),57,57,0,
single_photon_other,145,reco_nuvtxY,T_kine,kine_nu_y_corr,DIRECT_EQUIVALENT_FOUND,N/A,57,0,2,RESOLVED 2026-10-05: T_kine.kine_nu_y_corr is direct physical equivalent (main_vertex->fit().point.y); see RECO_NUVTX_MAPPING.md
single_photon_ncpi0,0,shw_sp_pio_1_mass,T_tagger,shw_sp_pio_1_mass,PRESENT_BUT_UNFILLED,YES(float32),57,57,24,Filled for 33/57 events (shw_sp_filled=1); sentinel for 24/57
single_photon_ncpi0,1,shw_sp_pio_1_pio_type,T_tagger,shw_sp_pio_1_pio_type,PRESENT_BUT_UNFILLED,YES(float32),57,57,24,Filled for 33/57 events (shw_sp_filled=1); sentinel for 24/57
single_photon_ncpi0,2,shw_sp_pio_1_energy_1,T_tagger,shw_sp_pio_1_energy_1,PRESENT_BUT_UNFILLED,YES(float32),57,57,24,Filled for 33/57 events (shw_sp_filled=1); sentinel for 24/57
single_photon_ncpi0,3,shw_sp_pio_1_energy_2,T_tagger,shw_sp_pio_1_energy_2,PRESENT_BUT_UNFILLED,YES(float32),57,57,24,Filled for 33/57 events (shw_sp_filled=1); sentinel for 24/57
single_photon_ncpi0,4,shw_sp_pio_1_dis_1,T_tagger,shw_sp_pio_1_dis_1,PRESENT_BUT_UNFILLED,YES(float32),57,57,24,Filled for 33/57 events (shw_sp_filled=1); sentinel for 24/57
single_photon_ncpi0,5,shw_sp_pio_1_dis_2,T_tagger,shw_sp_pio_1_dis_2,PRESENT_BUT_UNFILLED,YES(float32),57,57,24,Filled for 33/57 events (shw_sp_filled=1); sentinel for 24/57
single_photon_ncpi0,6,shw_sp_pio_mip_id,T_tagger,shw_sp_pio_mip_id,PRESENT_BUT_UNFILLED,YES(float32),57,57,24,Filled for 33/57 events (shw_sp_filled=1); sentinel for 24/57
single_photon_ncpi0,7,shw_sp_pio_flag_pio,T_tagger,shw_sp_pio_flag_pio,PRESENT_BUT_UNFILLED,YES(float32),57,57,24,Filled for 33/57 events (shw_sp_filled=1); sentinel for 24/57
single_photon_ncpi0,8,shw_sp_n_20br1_showers,T_tagger,shw_sp_n_20br1_showers,PRESENT_BUT_UNFILLED,YES(float32),57,57,24,Filled for 33/57 events (shw_sp_filled=1); sentinel for 24/57
single_photon_ncpi0,9,shw_sp_n_br1_showers,T_tagger,shw_sp_n_br1_showers,PRESENT_BUT_UNFILLED,YES(float32),57,57,24,Filled for 33/57 events (shw_sp_filled=1); sentinel for 24/57
single_photon_ncpi0,10,shw_sp_n_br2_showers,T_tagger,shw_sp_n_br2_showers,PRESENT_BUT_UNFILLED,YES(float32),57,57,24,Filled for 33/57 events (shw_sp_filled=1); sentinel for 24/57
single_photon_ncpi0,11,shw_sp_n_br3_showers,T_tagger,shw_sp_n_br3_showers,PRESENT_BUT_UNFILLED,YES(float32),57,57,24,Filled for 33/57 events (shw_sp_filled=1); sentinel for 24/57
single_photon_ncpi0,12,shw_sp_n_br4_showers,T_tagger,shw_sp_n_br4_showers,PRESENT_BUT_UNFILLED,YES(float32),57,57,24,Filled for 33/57 events (shw_sp_filled=1); sentinel for 24/57
single_photon_ncpi0,13,shw_sp_E_indirect_max_energy,T_tagger,shw_sp_E_indirect_max_energy,PRESENT_BUT_UNFILLED,YES(float32),57,57,24,Filled for 33/57 events (shw_sp_filled=1); sentinel for 24/57
single_photon_ncpi0,14,shw_sp_lol_3_vtx_n_segs,T_tagger,shw_sp_lol_3_vtx_n_segs,PRESENT_BUT_UNFILLED,YES(float32),57,57,24,Filled for 33/57 events (shw_sp_filled=1); sentinel for 24/57
single_photon_ncpi0,15,shw_sp_hol_1_min_length,T_tagger,shw_sp_hol_1_min_length,PRESENT_BUT_UNFILLED,YES(float32),57,57,24,Filled for 33/57 events (shw_sp_filled=1); sentinel for 24/57
single_photon_ncpi0,16,shw_sp_hol_2_min_angle,T_tagger,shw_sp_hol_2_min_angle,PRESENT_BUT_UNFILLED,YES(float32),57,57,24,Filled for 33/57 events (shw_sp_filled=1); sentinel for 24/57
single_photon_ncpi0,17,shw_sp_hol_1_min_angle,T_tagger,shw_sp_hol_1_min_angle,PRESENT_BUT_UNFILLED,YES(float32),57,57,24,Filled for 33/57 events (shw_sp_filled=1); sentinel for 24/57
single_photon_ncpi0,18,tro_5_score,T_tagger,tro_5_score,DIRECT_MATCH,YES(float32),57,57,0,
single_photon_ncpi0,19,tro_4_score,T_tagger,tro_4_score,DIRECT_MATCH,YES(float32),57,57,0,
single_photon_ncpi0,20,tro_2_score,T_tagger,tro_2_score,DIRECT_MATCH,YES(float32),57,57,0,
single_photon_ncpi0,21,tro_1_score,T_tagger,tro_1_score,DIRECT_MATCH,YES(float32),57,57,0,
single_photon_ncpi0,22,stw_4_score,T_tagger,stw_4_score,DIRECT_MATCH,YES(float32),57,57,0,
single_photon_ncpi0,23,stw_3_score,T_tagger,stw_3_score,DIRECT_MATCH,YES(float32),57,57,0,
single_photon_ncpi0,24,stw_2_score,T_tagger,stw_2_score,DIRECT_MATCH,YES(float32),57,57,0,
single_photon_ncpi0,25,sig_2_score,T_tagger,sig_2_score,DIRECT_MATCH,YES(float32),57,57,0,
single_photon_ncpi0,26,sig_1_score,T_tagger,sig_1_score,DIRECT_MATCH,YES(float32),57,57,0,
single_photon_ncpi0,27,pio_2_score,T_tagger,pio_2_score,DIRECT_MATCH,YES(float32),57,57,0,
single_photon_ncpi0,28,lol_2_score,T_tagger,lol_2_score,DIRECT_MATCH,YES(float32),57,57,0,
single_photon_ncpi0,29,lol_1_score,T_tagger,lol_1_score,DIRECT_MATCH,YES(float32),57,57,0,
single_photon_ncpi0,30,br3_6_score,T_tagger,br3_6_score,DIRECT_MATCH,YES(float32),57,57,0,
single_photon_ncpi0,31,br3_5_score,T_tagger,br3_5_score,DIRECT_MATCH,YES(float32),57,57,0,
single_photon_ncpi0,32,br3_3_score,T_tagger,br3_3_score,DIRECT_MATCH,YES(float32),57,57,0,
single_photon_ncpi0,33,kine_pio_mass,T_kine,kine_pio_mass,NEEDS_FURTHER_INVESTIGATION,YES(from_T_kine),57,57,0,In T_kine (not T_tagger); C++ reads from kine struct; combined tree read needed in analysis script
single_photon_ncpi0,34,kine_pio_flag,T_kine,kine_pio_flag,NEEDS_FURTHER_INVESTIGATION,YES(from_T_kine),57,57,0,In T_kine (not T_tagger); C++ reads from kine struct; combined tree read needed in analysis script; C++ uses temp_kine_pio_flag (not kine.kine_pio_flag directly)
single_photon_ncpi0,35,kine_pio_vtx_dis,T_kine,kine_pio_vtx_dis,NEEDS_FURTHER_INVESTIGATION,YES(from_T_kine),57,57,0,In T_kine (not T_tagger); C++ reads from kine struct; combined tree read needed in analysis script
single_photon_ncpi0,36,kine_pio_energy_1,T_kine,kine_pio_energy_1,NEEDS_FURTHER_INVESTIGATION,YES(from_T_kine),57,57,0,In T_kine (not T_tagger); C++ reads from kine struct; combined tree read needed in analysis script
single_photon_ncpi0,37,kine_pio_theta_1,T_kine,kine_pio_theta_1,NEEDS_FURTHER_INVESTIGATION,YES(from_T_kine),57,57,0,In T_kine (not T_tagger); C++ reads from kine struct; combined tree read needed in analysis script
single_photon_ncpi0,38,kine_pio_phi_1,T_kine,kine_pio_phi_1,NEEDS_FURTHER_INVESTIGATION,YES(from_T_kine),57,57,0,In T_kine (not T_tagger); C++ reads from kine struct; combined tree read needed in analysis script
single_photon_ncpi0,39,kine_pio_dis_1,T_kine,kine_pio_dis_1,NEEDS_FURTHER_INVESTIGATION,YES(from_T_kine),57,57,0,In T_kine (not T_tagger); C++ reads from kine struct; combined tree read needed in analysis script
single_photon_ncpi0,40,kine_pio_energy_2,T_kine,kine_pio_energy_2,NEEDS_FURTHER_INVESTIGATION,YES(from_T_kine),57,57,0,In T_kine (not T_tagger); C++ reads from kine struct; combined tree read needed in analysis script
single_photon_ncpi0,41,kine_pio_theta_2,T_kine,kine_pio_theta_2,NEEDS_FURTHER_INVESTIGATION,YES(from_T_kine),57,57,0,In T_kine (not T_tagger); C++ reads from kine struct; combined tree read needed in analysis script
single_photon_ncpi0,42,kine_pio_phi_2,T_kine,kine_pio_phi_2,NEEDS_FURTHER_INVESTIGATION,YES(from_T_kine),57,57,0,In T_kine (not T_tagger); C++ reads from kine struct; combined tree read needed in analysis script
single_photon_ncpi0,43,kine_pio_dis_2,T_kine,kine_pio_dis_2,NEEDS_FURTHER_INVESTIGATION,YES(from_T_kine),57,57,0,In T_kine (not T_tagger); C++ reads from kine struct; combined tree read needed in analysis script
single_photon_ncpi0,44,kine_pio_angle,T_kine,kine_pio_angle,NEEDS_FURTHER_INVESTIGATION,YES(from_T_kine),57,57,0,In T_kine (not T_tagger); C++ reads from kine struct; combined tree read needed in analysis script
single_photon_nue,0,shw_sp_max_dQ_dx_sample,T_tagger,shw_sp_max_dQ_dx_sample,PRESENT_BUT_UNFILLED,YES(float32),57,57,24,Filled for 33/57 events (shw_sp_filled=1); sentinel for 24/57
single_photon_nue,1,shw_sp_n_below_threshold,T_tagger,shw_sp_n_below_threshold,PRESENT_BUT_UNFILLED,YES(float32),57,57,24,Filled for 33/57 events (shw_sp_filled=1); sentinel for 24/57
single_photon_nue,2,shw_sp_n_below_zero,T_tagger,shw_sp_n_below_zero,PRESENT_BUT_UNFILLED,YES(float32),57,57,24,Filled for 33/57 events (shw_sp_filled=1); sentinel for 24/57
single_photon_nue,3,shw_sp_n_lowest,T_tagger,shw_sp_n_lowest,PRESENT_BUT_UNFILLED,YES(float32),57,57,24,Filled for 33/57 events (shw_sp_filled=1); sentinel for 24/57
single_photon_nue,4,shw_sp_n_highest,T_tagger,shw_sp_n_highest,PRESENT_BUT_UNFILLED,YES(float32),57,57,24,Filled for 33/57 events (shw_sp_filled=1); sentinel for 24/57
single_photon_nue,5,shw_sp_lowest_dQ_dx,T_tagger,shw_sp_lowest_dQ_dx,PRESENT_BUT_UNFILLED,YES(float32),57,57,24,Filled for 33/57 events (shw_sp_filled=1); sentinel for 24/57
single_photon_nue,6,shw_sp_highest_dQ_dx,T_tagger,shw_sp_highest_dQ_dx,PRESENT_BUT_UNFILLED,YES(float32),57,57,24,Filled for 33/57 events (shw_sp_filled=1); sentinel for 24/57
single_photon_nue,7,shw_sp_medium_dQ_dx,T_tagger,shw_sp_medium_dQ_dx,PRESENT_BUT_UNFILLED,YES(float32),57,57,24,Filled for 33/57 events (shw_sp_filled=1); sentinel for 24/57
single_photon_nue,8,shw_sp_stem_length,T_tagger,shw_sp_stem_length,PRESENT_BUT_UNFILLED,YES(float32),57,57,24,Filled for 33/57 events (shw_sp_filled=1); sentinel for 24/57
single_photon_nue,9,shw_sp_length_main,T_tagger,shw_sp_length_main,PRESENT_BUT_UNFILLED,YES(float32),57,57,24,Filled for 33/57 events (shw_sp_filled=1); sentinel for 24/57
single_photon_nue,10,shw_sp_length_total,T_tagger,shw_sp_length_total,PRESENT_BUT_UNFILLED,YES(float32),57,57,24,Filled for 33/57 events (shw_sp_filled=1); sentinel for 24/57
single_photon_nue,11,shw_sp_n_vertex,T_tagger,shw_sp_n_vertex,PRESENT_BUT_UNFILLED,YES(float32),57,57,24,Filled for 33/57 events (shw_sp_filled=1); sentinel for 24/57
single_photon_nue,12,shw_sp_n_good_tracks,T_tagger,shw_sp_n_good_tracks,PRESENT_BUT_UNFILLED,YES(float32),57,57,24,Filled for 33/57 events (shw_sp_filled=1); sentinel for 24/57
single_photon_nue,13,shw_sp_E_indirect_max_energy,T_tagger,shw_sp_E_indirect_max_energy,PRESENT_BUT_UNFILLED,YES(float32),57,57,24,Filled for 33/57 events (shw_sp_filled=1); sentinel for 24/57
single_photon_nue,14,shw_sp_flag_all_above,T_tagger,shw_sp_flag_all_above,PRESENT_BUT_UNFILLED,YES(float32),57,57,24,Filled for 33/57 events (shw_sp_filled=1); sentinel for 24/57
single_photon_nue,15,shw_sp_min_dQ_dx_5,T_tagger,shw_sp_min_dQ_dx_5,PRESENT_BUT_UNFILLED,YES(float32),57,57,24,Filled for 33/57 events (shw_sp_filled=1); sentinel for 24/57
single_photon_nue,16,shw_sp_n_other_vertex,T_tagger,shw_sp_n_other_vertex,PRESENT_BUT_UNFILLED,YES(float32),57,57,24,Filled for 33/57 events (shw_sp_filled=1); sentinel for 24/57
single_photon_nue,17,shw_sp_n_stem_size,T_tagger,shw_sp_n_stem_size,PRESENT_BUT_UNFILLED,YES(float32),57,57,24,Filled for 33/57 events (shw_sp_filled=1); sentinel for 24/57
single_photon_nue,18,shw_sp_min_dis,T_tagger,shw_sp_min_dis,PRESENT_BUT_UNFILLED,YES(float32),57,57,24,Filled for 33/57 events (shw_sp_filled=1); sentinel for 24/57
single_photon_nue,19,shw_sp_vec_mean_dedx,T_tagger,shw_sp_vec_mean_dedx,PRESENT_BUT_UNFILLED,YES(float32),57,57,24,Filled for 33/57 events (shw_sp_filled=1); sentinel for 24/57
single_photon_nue,20,shw_sp_vec_dQ_dx_0,T_tagger,shw_sp_vec_dQ_dx_0,PRESENT_BUT_UNFILLED,YES(float32),57,57,24,Filled for 33/57 events (shw_sp_filled=1); sentinel for 24/57
single_photon_nue,21,shw_sp_vec_dQ_dx_1,T_tagger,shw_sp_vec_dQ_dx_1,PRESENT_BUT_UNFILLED,YES(float32),57,57,24,Filled for 33/57 events (shw_sp_filled=1); sentinel for 24/57
single_photon_nue,22,shw_sp_vec_dQ_dx_2,T_tagger,shw_sp_vec_dQ_dx_2,PRESENT_BUT_UNFILLED,YES(float32),57,57,24,Filled for 33/57 events (shw_sp_filled=1); sentinel for 24/57
single_photon_nue,23,shw_sp_vec_dQ_dx_3,T_tagger,shw_sp_vec_dQ_dx_3,PRESENT_BUT_UNFILLED,YES(float32),57,57,24,Filled for 33/57 events (shw_sp_filled=1); sentinel for 24/57
single_photon_nue,24,shw_sp_vec_dQ_dx_4,T_tagger,shw_sp_vec_dQ_dx_4,PRESENT_BUT_UNFILLED,YES(float32),57,57,24,Filled for 33/57 events (shw_sp_filled=1); sentinel for 24/57
single_photon_nue,25,shw_sp_vec_dQ_dx_5,T_tagger,shw_sp_vec_dQ_dx_5,PRESENT_BUT_UNFILLED,YES(float32),57,57,24,Filled for 33/57 events (shw_sp_filled=1); sentinel for 24/57
single_photon_nue,26,shw_sp_vec_dQ_dx_6,T_tagger,shw_sp_vec_dQ_dx_6,PRESENT_BUT_UNFILLED,YES(float32),57,57,24,Filled for 33/57 events (shw_sp_filled=1); sentinel for 24/57
single_photon_nue,27,shw_sp_vec_dQ_dx_7,T_tagger,shw_sp_vec_dQ_dx_7,PRESENT_BUT_UNFILLED,YES(float32),57,57,24,Filled for 33/57 events (shw_sp_filled=1); sentinel for 24/57
single_photon_nue,28,shw_sp_vec_dQ_dx_8,T_tagger,shw_sp_vec_dQ_dx_8,PRESENT_BUT_UNFILLED,YES(float32),57,57,24,Filled for 33/57 events (shw_sp_filled=1); sentinel for 24/57
single_photon_nue,29,shw_sp_vec_dQ_dx_9,T_tagger,shw_sp_vec_dQ_dx_9,PRESENT_BUT_UNFILLED,YES(float32),57,57,24,Filled for 33/57 events (shw_sp_filled=1); sentinel for 24/57
single_photon_nue,30,shw_sp_vec_dQ_dx_10,T_tagger,shw_sp_vec_dQ_dx_10,PRESENT_BUT_UNFILLED,YES(float32),57,57,24,Filled for 33/57 events (shw_sp_filled=1); sentinel for 24/57
single_photon_nue,31,shw_sp_vec_dQ_dx_11,T_tagger,shw_sp_vec_dQ_dx_11,PRESENT_BUT_UNFILLED,YES(float32),57,57,24,Filled for 33/57 events (shw_sp_filled=1); sentinel for 24/57
single_photon_nue,32,shw_sp_vec_dQ_dx_12,T_tagger,shw_sp_vec_dQ_dx_12,PRESENT_BUT_UNFILLED,YES(float32),57,57,24,Filled for 33/57 events (shw_sp_filled=1); sentinel for 24/57
single_photon_nue,33,shw_sp_vec_dQ_dx_13,T_tagger,shw_sp_vec_dQ_dx_13,PRESENT_BUT_UNFILLED,YES(float32),57,57,24,Filled for 33/57 events (shw_sp_filled=1); sentinel for 24/57
single_photon_nue,34,shw_sp_vec_dQ_dx_14,T_tagger,shw_sp_vec_dQ_dx_14,PRESENT_BUT_UNFILLED,YES(float32),57,57,24,Filled for 33/57 events (shw_sp_filled=1); sentinel for 24/57
single_photon_nue,35,shw_sp_vec_dQ_dx_15,T_tagger,shw_sp_vec_dQ_dx_15,PRESENT_BUT_UNFILLED,YES(float32),57,57,24,Filled for 33/57 events (shw_sp_filled=1); sentinel for 24/57
single_photon_nue,36,shw_sp_vec_dQ_dx_16,T_tagger,shw_sp_vec_dQ_dx_16,PRESENT_BUT_UNFILLED,YES(float32),57,57,24,Filled for 33/57 events (shw_sp_filled=1); sentinel for 24/57
single_photon_nue,37,shw_sp_vec_dQ_dx_17,T_tagger,shw_sp_vec_dQ_dx_17,PRESENT_BUT_UNFILLED,YES(float32),57,57,24,Filled for 33/57 events (shw_sp_filled=1); sentinel for 24/57
single_photon_nue,38,shw_sp_vec_dQ_dx_18,T_tagger,shw_sp_vec_dQ_dx_18,PRESENT_BUT_UNFILLED,YES(float32),57,57,24,Filled for 33/57 events (shw_sp_filled=1); sentinel for 24/57
single_photon_nue,39,shw_sp_vec_dQ_dx_19,T_tagger,shw_sp_vec_dQ_dx_19,PRESENT_BUT_UNFILLED,YES(float32),57,57,24,Filled for 33/57 events (shw_sp_filled=1); sentinel for 24/57
single_photon_nue,40,shw_sp_vec_median_dedx,T_tagger,shw_sp_vec_median_dedx,PRESENT_BUT_UNFILLED,YES(float32),57,57,24,Filled for 33/57 events (shw_sp_filled=1); sentinel for 24/57
single_photon_nue,41,shw_sp_proton_length_1,T_tagger,shw_sp_proton_length_1,PRESENT_BUT_UNFILLED,YES(float32),57,57,24,Filled for 33/57 events (shw_sp_filled=1); sentinel for 24/57
single_photon_nue,42,shw_sp_proton_dqdx_1,T_tagger,shw_sp_proton_dqdx_1,PRESENT_BUT_UNFILLED,YES(float32),57,57,24,Filled for 33/57 events (shw_sp_filled=1); sentinel for 24/57
single_photon_nue,43,shw_sp_proton_energy_1,T_tagger,shw_sp_proton_energy_1,PRESENT_BUT_UNFILLED,YES(float32),57,57,24,Filled for 33/57 events (shw_sp_filled=1); sentinel for 24/57
single_photon_nue,44,shw_sp_proton_length_2,T_tagger,shw_sp_proton_length_2,PRESENT_BUT_UNFILLED,YES(float32),57,57,24,Filled for 33/57 events (shw_sp_filled=1); sentinel for 24/57
single_photon_nue,45,shw_sp_proton_dqdx_2,T_tagger,shw_sp_proton_dqdx_2,PRESENT_BUT_UNFILLED,YES(float32),57,57,24,Filled for 33/57 events (shw_sp_filled=1); sentinel for 24/57
single_photon_nue,46,shw_sp_proton_energy_2,T_tagger,shw_sp_proton_energy_2,PRESENT_BUT_UNFILLED,YES(float32),57,57,24,Filled for 33/57 events (shw_sp_filled=1); sentinel for 24/57
single_photon_nue,47,shw_sp_n_good_showers,T_tagger,shw_sp_n_good_showers,PRESENT_BUT_UNFILLED,YES(float32),57,57,24,Filled for 33/57 events (shw_sp_filled=1); sentinel for 24/57
single_photon_nue,48,shw_sp_n_20mev_showers,T_tagger,shw_sp_n_20mev_showers,PRESENT_BUT_UNFILLED,YES(float32),57,57,24,Filled for 33/57 events (shw_sp_filled=1); sentinel for 24/57
single_photon_nue,49,shw_sp_n_br1_showers,T_tagger,shw_sp_n_br1_showers,PRESENT_BUT_UNFILLED,YES(float32),57,57,24,Filled for 33/57 events (shw_sp_filled=1); sentinel for 24/57
single_photon_nue,50,shw_sp_n_br2_showers,T_tagger,shw_sp_n_br2_showers,PRESENT_BUT_UNFILLED,YES(float32),57,57,24,Filled for 33/57 events (shw_sp_filled=1); sentinel for 24/57
single_photon_nue,51,shw_sp_n_br3_showers,T_tagger,shw_sp_n_br3_showers,PRESENT_BUT_UNFILLED,YES(float32),57,57,24,Filled for 33/57 events (shw_sp_filled=1); sentinel for 24/57
single_photon_nue,52,shw_sp_n_br4_showers,T_tagger,shw_sp_n_br4_showers,PRESENT_BUT_UNFILLED,YES(float32),57,57,24,Filled for 33/57 events (shw_sp_filled=1); sentinel for 24/57
single_photon_nue,53,shw_sp_n_20br1_showers,T_tagger,shw_sp_n_20br1_showers,PRESENT_BUT_UNFILLED,YES(float32),57,57,24,Filled for 33/57 events (shw_sp_filled=1); sentinel for 24/57
single_photon_nue,54,shw_sp_shw_vtx_dis,T_tagger,shw_sp_shw_vtx_dis,PRESENT_BUT_UNFILLED,YES(float32),57,57,24,Filled for 33/57 events (shw_sp_filled=1); sentinel for 24/57
single_photon_nue,55,shw_sp_max_shw_dis,T_tagger,shw_sp_max_shw_dis,PRESENT_BUT_UNFILLED,YES(float32),57,57,24,Filled for 33/57 events (shw_sp_filled=1); sentinel for 24/57
