evt_idx,run,subrun,event,photon_flag,shw_sp_filled,br_filled,shw_sp_n_20mev_showers,shw_sp_n_20br1_showers,shw_sp_energy,shw_sp_shw_vtx_dis,shw_sp_max_shw_dis,numu_score,nue_score,kine_pio_flag,cosmic_flag,cosmic_filled,n_protons_kine_above35mev,nue_bdt_inputs_ready,numu_bdt_inputs_ready,other_bdt_inputs_ready,ncpi0_bdt_inputs_ready
0,30,0,160,0.0,0.0,0.0,0.0,0.0,0.0,-1.0,-1.0,-1.0232813358306885,-15.0,1,1.0,0.0,2,0,0,0,0
1,30,0,336,0.0,1.0,1.0,3.0,3.0,277.209228515625,0.0,0.0,-1.0851222276687622,-4.946426868438721,1,1.0,0.0,0,1,1,0,0
2,30,0,810,0.0,0.0,0.0,0.0,0.0,0.0,-1.0,-1.0,-0.36947593092918396,-15.0,1,1.0,0.0,1,0,0,0,0
3,30,0,901,1.0,1.0,1.0,1.0,1.0,268.58404541015625,0.0,90.14492797851562,-2.8214402198791504,0.6982641816139221,0,1.0,1.0,0,1,1,0,0
4,30,0,937,0.0,1.0,0.0,4.0,4.0,41.26575469970703,0.0,22.56884002685547,-0.30136653780937195,-15.0,1,1.0,0.0,1,1,1,0,0
5,40,0,142,1.0,1.0,0.0,1.0,1.0,344.0212707519531,12.76748275756836,12.76748275756836,-0.6098685264587402,-15.0,0,1.0,0.0,0,1,1,0,0
6,40,0,209,0.0,0.0,0.0,0.0,0.0,0.0,-1.0,-1.0,-2.290360450744629,-15.0,0,1.0,0.0,1,0,0,0,0
7,40,0,271,0.0,1.0,1.0,1.0,1.0,203.6415557861328,0.0,51.4227180480957,1.6211845874786377,3.3431665897369385,1,1.0,0.0,1,1,1,0,0
8,40,0,744,0.0,1.0,0.0,1.0,1.0,53.39064025878906,0.0,0.0,0.6942372918128967,-15.0,1,1.0,0.0,1,1,1,0,0
9,40,0,863,0.0,0.0,0.0,0.0,0.0,0.0,-1.0,-1.0,-0.41496390104293823,-15.0,1,1.0,0.0,0,0,0,0,0
10,40,0,979,0.0,0.0,0.0,0.0,0.0,0.0,-1.0,-1.0,-1.7362980842590332,-15.0,1,1.0,0.0,0,0,0,0,0
11,50,0,291,0.0,1.0,0.0,1.0,1.0,52.088680267333984,0.0,0.0,-0.12777480483055115,-15.0,1,0.0,1.0,0,1,1,0,0
12,50,0,302,0.0,0.0,0.0,0.0,0.0,0.0,-1.0,-1.0,-1.589835286140442,-15.0,1,1.0,0.0,0,0,0,0,0
13,50,0,404,0.0,0.0,0.0,0.0,0.0,0.0,-1.0,-1.0,-0.2202225774526596,-15.0,1,1.0,0.0,0,0,0,0,0
14,50,0,449,0.0,0.0,0.0,0.0,0.0,0.0,-1.0,-1.0,0.7939988970756531,-15.0,1,1.0,0.0,1,0,0,0,0
15,50,0,458,0.0,1.0,0.0,1.0,1.0,496.3642883300781,21.47806739807129,21.47806739807129,-0.26197224855422974,-15.0,0,1.0,0.0,1,1,1,0,0
16,50,0,610,0.0,0.0,0.0,0.0,0.0,0.0,-1.0,-1.0,0.06993516534566879,-15.0,1,1.0,0.0,0,0,0,0,0
17,50,0,676,0.0,1.0,0.0,2.0,2.0,48.69141387939453,86.41424560546875,38.56270980834961,-1.4485446214675903,-15.0,1,1.0,0.0,1,1,1,0,0
18,50,0,725,0.0,1.0,0.0,2.0,2.0,171.25538635253906,7.998876094818115,7.998876094818115,-1.6722794771194458,-15.0,0,1.0,0.0,0,1,1,0,0
19,50,0,829,0.0,1.0,0.0,1.0,1.0,34.237831115722656,124.8978500366211,235.79150390625,-0.5789888501167297,-15.0,1,1.0,0.0,1,1,1,0,0
20,60,0,153,0.0,0.0,0.0,0.0,0.0,0.0,-1.0,-1.0,-0.49154433608055115,-15.0,1,1.0,0.0,2,0,0,0,0
21,60,0,384,0.0,0.0,0.0,0.0,0.0,0.0,-1.0,-1.0,-0.8490263223648071,-15.0,1,1.0,0.0,1,0,0,0,0
22,60,0,862,0.0,1.0,1.0,1.0,1.0,81.50852966308594,0.0,0.0,0.3597041070461273,-6.682724952697754,1,1.0,0.0,1,1,1,0,0
23,60,0,926,0.0,1.0,1.0,2.0,2.0,238.8301239013672,0.0,55.15763473510742,-0.8031346201896667,-2.1974947452545166,1,1.0,0.0,0,1,1,0,0
24,60,0,937,1.0,1.0,1.0,1.0,1.0,95.51746368408203,0.0,54.55495071411133,-1.0015850067138672,-7.289581775665283,1,1.0,0.0,0,1,1,0,0
25,70,0,55,0.0,1.0,0.0,1.0,1.0,77.21411895751953,0.0,10.411839485168457,-1.1805059909820557,-15.0,1,1.0,0.0,0,1,1,0,0
26,70,0,206,0.0,0.0,0.0,0.0,0.0,0.0,-1.0,-1.0,0.345735639333725,-15.0,1,1.0,0.0,0,0,0,0,0
27,70,0,469,0.0,0.0,0.0,0.0,0.0,0.0,-1.0,-1.0,-0.11382447183132172,-15.0,1,1.0,0.0,0,0,0,0,0
28,70,0,631,0.0,1.0,1.0,2.0,2.0,203.1222381591797,0.0,94.50275421142578,-1.4821445941925049,-10.704565048217773,1,1.0,0.0,0,1,1,0,0
29,70,0,710,0.0,1.0,1.0,3.0,3.0,88.6867446899414,0.0,57.32378005981445,1.5213862657546997,-10.406353950500488,1,1.0,0.0,1,1,1,0,0
30,70,0,746,0.0,0.0,0.0,0.0,0.0,0.0,-1.0,-1.0,-2.3033647537231445,-15.0,1,1.0,0.0,1,0,0,0,0
31,70,0,819,0.0,0.0,0.0,0.0,0.0,0.0,-1.0,-1.0,-1.3424180746078491,-15.0,1,1.0,0.0,1,0,0,0,0
32,70,0,827,0.0,0.0,0.0,0.0,0.0,0.0,-1.0,-1.0,-1.1632744073867798,-15.0,1,1.0,0.0,1,0,0,0,0
33,70,0,884,1.0,1.0,0.0,1.0,1.0,23.99301528930664,0.0,39.92567825317383,-0.08883332461118698,-15.0,1,1.0,0.0,0,1,1,0,0
34,80,0,74,0.0,1.0,1.0,2.0,2.0,278.1392517089844,0.0,4.507673263549805,-1.184003472328186,-7.392070293426514,1,1.0,0.0,0,1,1,0,0
35,80,0,266,0.0,1.0,1.0,1.0,1.0,220.52149963378906,0.0,0.0,0.020824259147047997,-4.10477352142334,1,1.0,0.0,1,1,1,0,0
36,80,0,399,0.0,1.0,1.0,1.0,1.0,210.54052734375,0.0,0.0,0.43537771701812744,-1.5100665092468262,1,1.0,0.0,0,1,1,0,0
37,80,0,936,0.0,0.0,0.0,0.0,0.0,0.0,-1.0,-1.0,-1.440678358078003,-15.0,1,1.0,0.0,1,0,0,0,0
38,90,0,186,0.0,1.0,1.0,1.0,1.0,123.20073699951172,0.0,0.0,-0.007831660099327564,-6.812755584716797,0,1.0,0.0,1,1,1,0,0
39,,,,,,,,,,,,,,,,,,,,,
40,100,0,79,0.0,1.0,1.0,3.0,2.0,65.58036804199219,0.0,126.62102508544922,-0.8946980237960815,-5.7169694900512695,2,1.0,0.0,0,1,1,0,0
41,100,0,141,1.0,1.0,0.0,1.0,1.0,70.82379150390625,0.0,34.22428894042969,0.05117048695683479,-15.0,1,1.0,0.0,1,1,1,0,0
42,100,0,616,0.0,0.0,0.0,0.0,0.0,0.0,-1.0,-1.0,-1.0416243076324463,-15.0,0,1.0,0.0,1,0,0,0,0
43,100,0,704,0.0,1.0,0.0,1.0,1.0,31.234037399291992,23.10687828063965,23.10687828063965,-0.9012801647186279,-15.0,1,1.0,0.0,1,1,1,0,0
44,100,0,922,0.0,0.0,0.0,0.0,0.0,0.0,-1.0,-1.0,-1.7344368696212769,-15.0,1,1.0,0.0,1,0,0,0,0
45,100,0,976,0.0,1.0,1.0,2.0,2.0,310.9638977050781,0.0,45.87644577026367,0.22493046522140503,4.294479846954346,1,1.0,0.0,1,1,1,0,0
46,110,0,609,0.0,1.0,0.0,1.0,1.0,41.96588134765625,0.0,0.0,0.890845000743866,-15.0,1,1.0,0.0,0,1,1,0,0
47,110,0,663,0.0,1.0,0.0,2.0,2.0,109.52237701416016,293.9060363769531,3.225330352783203,0.5147940516471863,-15.0,1,1.0,0.0,1,1,1,0,0
48,110,0,751,1.0,1.0,0.0,1.0,1.0,91.32830047607422,50.56593704223633,19.934045791625977,0.6207941770553589,-15.0,1,1.0,0.0,0,1,1,0,0
49,120,0,117,0.0,1.0,1.0,2.0,2.0,327.7417907714844,0.0,0.0,-1.649192214012146,-8.401238441467285,1,1.0,1.0,0,1,1,0,0
50,120,0,173,0.0,0.0,0.0,0.0,0.0,0.0,-1.0,-1.0,-0.24587099254131317,-15.0,0,1.0,0.0,1,0,0,0,0
51,120,0,261,0.0,1.0,0.0,1.0,1.0,23.681825637817383,0.0,0.0,1.389675259590149,-15.0,1,1.0,0.0,1,1,1,0,0
52,,,,,,,,,,,,,,,,,,,,,
53,120,0,410,0.0,1.0,1.0,4.0,4.0,356.90045166015625,0.0,51.857845306396484,0.2733314037322998,-7.678323268890381,1,1.0,0.0,0,1,1,0,0
54,120,0,529,0.0,0.0,0.0,0.0,0.0,0.0,-1.0,-1.0,-0.023778550326824188,-15.0,1,1.0,0.0,1,0,0,0,0
55,120,0,547,0.0,0.0,0.0,0.0,0.0,0.0,-1.0,-1.0,-2.4860002994537354,-15.0,1,1.0,0.0,1,0,0,0,0
56,120,0,588,0.0,0.0,0.0,0.0,0.0,0.0,-1.0,-1.0,-1.223885416984558,-15.0,1,1.0,0.0,0,0,0,0,0
57,120,0,649,0.0,1.0,1.0,3.0,3.0,369.95770263671875,0.0,0.0,0.8785765767097473,6.666829586029053,1,1.0,0.0,0,1,1,0,0
58,120,0,664,0.0,0.0,0.0,0.0,0.0,0.0,-1.0,-1.0,-1.1461873054504395,-15.0,1,1.0,0.0,0,0,0,0,0
