entry_index,run,subrun,event
0,1,0,1
1,1,0,2
2,1,0,3
3,1,0,4
4,1,0,5
5,1,0,6
6,1,0,7
7,1,0,8
8,1,0,9
9,1,0,10
10,1,0,11
11,1,0,12
12,1,0,13
13,1,0,14
14,1,0,15
15,1,0,16
16,1,0,18
17,1,0,19
18,1,0,20
19,1,0,21
20,1,0,22
21,1,0,24
22,1,0,25
23,1,0,27
24,1,0,28
25,1,0,29
26,1,0,30
27,1,0,31
28,1,0,32
29,1,0,33
30,1,0,34
31,1,0,35
32,1,0,36
33,1,0,37
34,1,0,38
35,1,0,39
36,1,0,40
37,1,0,41
38,1,0,42
39,1,0,43
40,1,0,44
41,1,0,45
42,1,0,46
43,1,0,47
44,1,0,48
45,1,0,49
46,1,0,50
47,1,0,51
48,1,0,52
49,1,0,54
