run,subrun,event,nu_pdg,ccnc,mode,interaction_type,nu_energy_gev,category,corsika_only
1,0,1,14,1,0,1002,0.4354,numu_NC_non_pi0,0
1,0,2,14,1,1,1006,1.0223,numu_NC_pi0,0
1,0,3,14,0,0,1001,0.5065,numu_CC,0
1,0,4,14,1,1,1007,1.0244,numu_NC_non_pi0,0
1,0,5,14,0,0,1001,0.4167,numu_CC,0
1,0,6,14,1,1,1008,0.9813,numu_NC_non_pi0,0
1,0,7,14,0,1,1004,0.9092,numu_CC,0
1,0,8,14,1,2,1092,2.3958,numu_NC_non_pi0,0
1,0,9,14,0,0,1001,1.042,numu_CC,0
1,0,10,14,0,0,1001,1.4764,numu_CC,0
1,0,11,14,0,0,1001,0.496,numu_CC,0
1,0,12,14,0,1,1004,1.3084,numu_CC,0
1,0,13,14,0,0,1001,0.395,numu_CC,0
1,0,14,14,1,0,1002,0.5916,numu_NC_non_pi0,0
1,0,15,14,1,0,1002,0.6918,numu_NC_non_pi0,0
1,0,16,14,1,0,1002,0.8567,numu_NC_non_pi0,0
1,0,18,14,0,10,1000,0.6343,numu_CC,0
1,0,19,14,0,0,1001,1.8824,numu_CC,0
1,0,20,14,0,0,1001,1.1612,numu_CC,0
1,0,21,14,1,10,1000,0.8646,numu_NC_non_pi0,0
1,0,22,14,0,1,1003,1.1308,numu_CC,0
1,0,24,14,1,0,1002,0.6408,numu_NC_non_pi0,0
1,0,25,14,0,1,1003,0.6803,numu_CC,0
1,0,27,14,0,0,1001,0.5,numu_CC,0
1,0,28,14,1,1,1008,1.3108,numu_NC_non_pi0,0
1,0,29,14,1,0,1002,0.3508,numu_NC_non_pi0,0
1,0,30,14,0,0,1001,0.6497,numu_CC,0
1,0,31,14,1,1,1009,0.5069,numu_NC_non_pi0,0
1,0,32,14,0,0,1001,1.2237,numu_CC,0
1,0,33,14,0,0,1001,0.2679,numu_CC,0
1,0,34,14,0,0,1001,1.2729,numu_CC,0
1,0,35,14,0,0,1001,0.853,numu_CC,0
1,0,36,14,0,1,1000,1.5094,numu_CC,0
1,0,37,14,0,0,1001,1.0644,numu_CC,0
1,0,38,14,1,10,1000,1.1649,numu_NC_non_pi0,0
1,0,39,14,0,0,1001,1.059,numu_CC,0
1,0,40,14,0,1,1004,1.0469,numu_CC,0
1,0,41,14,1,1,1008,1.4927,numu_NC_non_pi0,0
1,0,42,14,0,10,1000,1.3402,numu_CC,0
1,0,43,14,1,10,1000,0.7609,numu_NC_non_pi0,0
1,0,44,14,0,1,1003,0.573,numu_CC,0
1,0,45,14,1,2,1092,1.8272,numu_NC_non_pi0,0
1,0,46,14,1,0,1002,0.8271,numu_NC_non_pi0,0
1,0,47,14,0,10,1000,0.9336,numu_CC,0
1,0,48,14,0,0,1001,0.2821,numu_CC,0
1,0,49,14,0,10,1000,1.0241,numu_CC,0
1,0,50,14,0,0,1001,0.4505,numu_CC,0
1,0,51,14,0,1,1003,2.0758,numu_CC,0
1,0,52,14,1,0,1002,1.3612,numu_NC_non_pi0,0
1,0,54,14,0,10,1000,0.6656,numu_CC,0
