tier,sample_id,filesystem,path,sbndcode_version,genie_version,generator_fcl,detsim_fcl,reco1_fcl,nevents_approx,stages_present,wirecell_present,wirecell_sha_verified,local_artroot_bytes,fnal_file_count,local_path_list,notes,recommendation
TIER1,fresh-50evt-integrated-20260909,eagle,/lus/eagle/projects/neutrinoGPU/abhat/sbnd/sample_generation_port/work/haiwang-current/integration-2026-09-08/fresh-50evt-integrated-20260909/run/,v10_14_02_04,v3_06_02_sbn2,prodgenie_corsika_proton_nu_spill_tpc_sbnd_av.fcl,standard_detsim_sbnd_bothrois_keep_priorSCE.fcl,standard_reco1_sbnd_keep_priorSCE.fcl,50,gen+g4+detsim+reco1+wirecell,yes,UNVERIFIED,8300000000,0,N/A,WireCell output present but WCT commit not yet verified against 251ff143,BEST_LOCAL verify WCT SHA first
TIER1,clean-fresh-10evt-integrated-20260910,eagle,/lus/eagle/projects/neutrinoGPU/abhat/sbnd/sample_generation_port/work/haiwang-current/integration-2026-09-08/clean-fresh-10evt-integrated-20260910/run/,v10_14_02_04,v3_06_02_sbn2,prodgenie_corsika_proton_nu_spill_tpc_sbnd_av.fcl,standard_detsim_sbnd_bothrois_keep_priorSCE.fcl,standard_reco1_sbnd_keep_priorSCE.fcl,10,gen+g4+detsim+reco1+wirecell,yes,UNVERIFIED,1464000000,0,N/A,10-event companion to fresh-50evt campaign,COMPATIBLE verify WCT SHA first
TIER1,sim-e2e-20evt-20260914,eagle,/lus/eagle/projects/neutrinoGPU/abhat/sbnd/sample_generation_port/work/haiwang-current/integration-2026-09-08/sim-e2e-20evt-20260914/,v10_14_02_04,v3_06_02_sbn2,prodgenie_corsika_proton_nu_spill_tpc_sbnd_av_alcf.fcl,standard_detsim_sbnd_bothrois_keep_priorSCE.fcl,standard_reco1_sbnd_keep_priorSCE.fcl,20,gen+g4+detsim+reco1,no,N/A,2900000000,0,N/A,WireCell not yet run; would need frozen config run,COMPATIBLE run frozen WireCell if needed
TIER1,sim-e2e-5evt-20260914,eagle,/lus/eagle/projects/neutrinoGPU/abhat/sbnd/sample_generation_port/work/haiwang-current/integration-2026-09-08/sim-e2e-5evt-20260914/,v10_14_02_04,v3_06_02_sbn2,prodgenie_corsika_proton_nu_spill_tpc_sbnd_av_alcf.fcl,standard_detsim_sbnd_bothrois_keep_priorSCE.fcl,standard_reco1_sbnd_keep_priorSCE.fcl,5,gen+g4+detsim+reco1,no,N/A,217000000,0,N/A,Too few events for statistics; useful for pipeline tests,PIPELINE_TEST_ONLY
TIER1,sim-e2e-1evt-20260912,eagle,/lus/eagle/projects/neutrinoGPU/abhat/sbnd/sample_generation_port/work/haiwang-current/integration-2026-09-08/sim-e2e-1evt-20260912/,v10_14_02_04,v3_06_02_sbn2,prodgenie_corsika_proton_nu_spill_tpc_sbnd_av_alcf.fcl,standard_detsim_sbnd_bothrois_keep_priorSCE.fcl,standard_reco1_sbnd_keep_priorSCE.fcl,1,gen+g4+detsim+reco1,no,N/A,32000000,0,N/A,Single event only,PIPELINE_TEST_ONLY
TIER1,clean-fresh-5evt-integrated-20260910,eagle,/lus/eagle/projects/neutrinoGPU/abhat/sbnd/sample_generation_port/work/haiwang-current/integration-2026-09-08/clean-fresh-5evt-integrated-20260910/run/,v10_14_02_04,v3_06_02_sbn2,prodgenie_corsika_proton_nu_spill_tpc_sbnd_av.fcl,standard_detsim_sbnd_bothrois_keep_priorSCE.fcl,standard_reco1_sbnd_keep_priorSCE.fcl,5,gen+g4+detsim+reco1,no,N/A,unknown,0,N/A,5-event companion to clean-fresh campaign,PIPELINE_TEST_ONLY
TIER2,aurora-SBND2026A-gen2-BNBLight-v10_14_02_03,pnfs_fnal,/pnfs/sbn/data_add/sbn_nd/aurora/mc/v10_14_02_03/prodgenie_corsika_proton_rockbox0p1_sbnd/Gen2_2026/CV/reco1/,v10_14_02_03,unknown,prodgenie_corsika_proton_rockbox0p1_sbnd.fcl,unknown,standard_reco1_sbnd.fcl,multi-million,reco1 (gen+g4+detsim+reco1 in single file),no,N/A,0,749339,/lus/eagle/projects/neutrinoGPU/yuhw/sbnd-gen2-data/round2-patrec/mc_paths-v10_14_02_03-full.lst,One patch before target version; inspect product list before streaming,LIKELY_COMPATIBLE inspect first
TIER2,MCP2025C-FallProduction-v10_14_02,pnfs_fnal,/pnfs/sbn/data_add/sbn_nd/poms_production/mc/MCP2025C_FallProduction/v10_14_02/prodgenie_corsika_proton_rockbox0p1_sbnd/CV/reco1/,v10_14_02,unknown,prodgenie_corsika_proton_rockbox0p1_sbnd.fcl,unknown,standard_reco1_sbnd.fcl,multi-million,reco1 (gen+g4+detsim+reco1 in single file),no,N/A,324000000,99978,/lus/eagle/projects/neutrinoGPU/yuhw/sbnd-gen2-data/round1-qlmatch/mc.lst,4 patches before target; 1 file locally cached; inspect product list,LIKELY_COMPATIBLE inspect first
TIER3,nrowe-spack-test-May3,eagle,/lus/eagle/projects/neutrinoGPU/nrowe/spack_test_May3/,v10_04_07,unknown,prodoverlay_corsika_cosmics_proton_genie_rockbox_sbnd.fcl,unknown,standard_reco1_sbnd.fcl,~10,gen+g4+detsim+reco1+reco2+caf,no,N/A,~236MB,0,N/A,Wrong sbndcode version (too old by 10 major patches),INCOMPATIBLE do not use
TIER3,smoke-general-v10_06_03,eagle,/lus/eagle/projects/neutrinoGPU/abhat/sbnd/sample_generation_port/work/smoke_general/,v10_06_03,unknown,prodgenie_bnb_nu_cosmic_sbnd.fcl,standard_detsim_sbnd.fcl,N/A,1,gen+g4+detsim,no,N/A,unknown,0,N/A,Wrong version and only 1 event through detsim only,INCOMPATIBLE do not use
