evt_idx,run,subrun,event,old_category,new_category,fix2_v2_outcome,notes
0,30,0,160,MAIN_VERTEX_SHOWER_INACCESSIBLE,NEIGHBOR_SHOWER_WRONG_PDG,NO_RECOVERY,max cand 124.2MeV pdg=211
2,30,0,810,MAIN_VERTEX_SHOWER_INACCESSIBLE,GRAPH_DISCONNECTED_NO_RELEVANT_NEIGHBOR_SHOWER,NO_RECOVERY,pdg=11 264.5MeV detached same_cl=true BFS_NO_PATH
6,40,0,209,MAIN_VERTEX_SHOWER_INACCESSIBLE,NO_NEIGHBOR_SHOWER_ABOVE_20MEV,NO_RECOVERY,max pdg=11 4.5MeV
9,40,0,863,MAIN_VERTEX_SHOWER_INACCESSIBLE,NEIGHBOR_SHOWER_WRONG_PDG,NO_RECOVERY,max cand 162.8MeV pdg=211
10,40,0,979,MAIN_VERTEX_SHOWER_INACCESSIBLE,NO_NEIGHBOR_SHOWER_ABOVE_20MEV,NO_RECOVERY,max pdg=11 1.1MeV
12,50,0,232,MAIN_VERTEX_SHOWER_INACCESSIBLE,RECOVERED_BY_FIX2,RECOVERED,167.6MeV pdg=11 1-hop
13,50,0,404,MAIN_VERTEX_SHOWER_INACCESSIBLE,NO_NEIGHBOR_SHOWER_ABOVE_20MEV,NO_RECOVERY,max pdg=11 5.8MeV 1-hop
14,50,0,449,OBS-008_CONFIRMED,RECOVERED_BY_FIX2,RECOVERED,121.6MeV pdg=11 1-hop vtx_type=1
16,50,0,499,MAIN_VERTEX_SHOWER_INACCESSIBLE,RECOVERED_BY_FIX2,RECOVERED,23.6MeV pdg=11 1-hop vtx_type=2
20,60,0,153,OBS-008_CONFIRMED,RECOVERED_BY_FIX2,RECOVERED,153.8MeV pdg=11 1-hop vtx_type=2 newly_selected
21,60,0,384,MAIN_VERTEX_SHOWER_INACCESSIBLE,NEIGHBOR_SHOWER_WRONG_PDG,NO_RECOVERY,max cand 279.7MeV pdg=211
26,70,0,274,MAIN_VERTEX_SHOWER_INACCESSIBLE,RECOVERED_BY_FIX2,RECOVERED,90.4MeV pdg=11 1-hop vtx_type=3
27,70,0,469,MAIN_VERTEX_SHOWER_INACCESSIBLE,NO_NEIGHBOR_SHOWER_ABOVE_20MEV,NO_RECOVERY,max pdg=11 16.4MeV 1-hop
30,70,0,746,MAIN_VERTEX_SHOWER_INACCESSIBLE,NO_NEIGHBOR_SHOWER_ABOVE_20MEV,NO_RECOVERY,max pdg=11 10.3MeV; BFS_NO_PATH for pdg=2212
31,70,0,819,MAIN_VERTEX_SHOWER_INACCESSIBLE,GRAPH_DISCONNECTED_NO_RELEVANT_NEIGHBOR_SHOWER,NO_RECOVERY,pdg=11 217.3MeV detached same_cl=true BFS_NO_PATH
32,70,0,827,MAIN_VERTEX_SHOWER_INACCESSIBLE,GRAPH_DISCONNECTED_NO_RELEVANT_NEIGHBOR_SHOWER,NO_RECOVERY,pdg=11 90.0MeV detached same_cl=true BFS_NO_PATH
37,80,0,936,MAIN_VERTEX_SHOWER_INACCESSIBLE,GRAPH_DISCONNECTED_NO_RELEVANT_NEIGHBOR_SHOWER,NO_RECOVERY,pdg=11 151.9MeV detached same_cl=true BFS_NO_PATH
42,100,0,616,MAIN_VERTEX_SHOWER_INACCESSIBLE,GRAPH_DISCONNECTED_NO_RELEVANT_NEIGHBOR_SHOWER,NO_RECOVERY,pdg=11 374.9MeV detached same_cl=false BFS_NO_PATH
44,100,0,922,MAIN_VERTEX_SHOWER_INACCESSIBLE,NEIGHBOR_SHOWER_WRONG_PDG,NO_RECOVERY,90.1MeV pdg=13 muon misID
50,120,0,173,MAIN_VERTEX_SHOWER_INACCESSIBLE,NO_NEIGHBOR_SHOWER_ABOVE_20MEV,NO_RECOVERY,max pdg=11 13.1MeV
54,120,0,529,MAIN_VERTEX_SHOWER_INACCESSIBLE_UNRESOLVED,NEIGHBOR_SHOWER_WRONG_PDG,NO_RECOVERY,52.3MeV pdg=13 muon misID BFS_FOUND 1-hop
55,120,0,547,MAIN_VERTEX_SHOWER_INACCESSIBLE,NO_NEIGHBOR_SHOWER_ABOVE_20MEV,NO_RECOVERY,max pdg=11 6.0MeV 1-hop; 8.4MeV 3-hop not reached
56,120,0,588,MAIN_VERTEX_SHOWER_INACCESSIBLE,GRAPH_DISCONNECTED_NO_RELEVANT_NEIGHBOR_SHOWER,NO_RECOVERY,pdg=11 337.8MeV detached same_cl=false BFS_NO_PATH
58,120,0,664,COMPANION_CLUSTER_INACCESSIBLE_CONFIRMED,GRAPH_DISCONNECTED_NO_RELEVANT_NEIGHBOR_SHOWER,NO_RECOVERY,449MeV pdg=11 cluster_45 vs main_cl=2 BFS_NO_PATH
