evt_idx,run,subrun,event,baseline_has_tagger,patched_has_tagger,baseline_shw_sp_filled,patched_shw_sp_filled,baseline_shw_sp_n_20mev_showers,patched_shw_sp_n_20mev_showers,baseline_shw_sp_n_20br1_showers,patched_shw_sp_n_20br1_showers,baseline_shw_sp_energy,patched_shw_sp_energy,baseline_photon_flag,patched_photon_flag,baseline_br_filled,patched_br_filled,fallback_activated,n_direct_showers,direct_has_usable,n_neighbor_showers_added,selected_shower_changed,bfs_hops,diag_vtx_type,diag_same_cl,diag_shw_energy_mev,event_class,expected_change_class,notes
0,-1,-1,-1,1,1,0.000,0.000,0.000,0.000,0.000,0.000,0.000,0.000,0.000,0.000,0.000,0.000,1,4,0,0,0,,1,false,124.2,FALLBACK_ACTIVATED_NO_RECOVERY,,
1,-1,-1,-1,1,1,1.000,1.000,3.000,3.000,3.000,3.000,277.209,277.209,0.000,0.000,1.000,1.000,0,3,1,0,0,,1,true,277.2,UNCHANGED_DIRECT_SUCCESS,SHOULD_BE_UNCHANGED,known-good control: direct_has_usable=true expected
2,-1,-1,-1,1,1,0.000,0.000,0.000,0.000,0.000,0.000,0.000,0.000,0.000,0.000,0.000,0.000,1,0,0,0,0,NO_PATH,3,true,264.5,FALLBACK_ACTIVATED_NO_RECOVERY,,
3,-1,-1,-1,1,1,1.000,1.000,1.000,1.000,1.000,1.000,268.584,268.584,1.000,1.000,1.000,1.000,0,13,1,0,0,,1,true,268.6,UNCHANGED_DIRECT_SUCCESS,,
4,-1,-1,-1,1,1,1.000,1.000,4.000,4.000,4.000,4.000,41.266,41.266,0.000,0.000,0.000,0.000,0,8,1,0,0,1,3,false,80.2,UNCHANGED_DIRECT_SUCCESS,,
5,-1,-1,-1,1,1,1.000,1.000,1.000,1.000,1.000,1.000,344.021,344.021,1.000,1.000,0.000,0.000,0,1,1,0,0,,2,false,344.0,UNCHANGED_DIRECT_SUCCESS,SHOULD_BE_UNCHANGED,known-good control: direct_has_usable=true expected
6,-1,-1,-1,1,1,0.000,0.000,0.000,0.000,0.000,0.000,0.000,0.000,0.000,0.000,0.000,0.000,1,1,0,0,0,,1,true,4.5,FALLBACK_ACTIVATED_NO_RECOVERY,,
7,-1,-1,-1,1,1,1.000,1.000,1.000,1.000,1.000,1.000,203.642,203.642,0.000,0.000,1.000,1.000,0,2,1,0,0,,1,true,203.6,UNCHANGED_DIRECT_SUCCESS,,
8,-1,-1,-1,1,1,1.000,1.000,1.000,1.000,1.000,1.000,53.391,53.391,0.000,0.000,0.000,0.000,0,3,1,0,0,,2,false,245.9,UNCHANGED_DIRECT_SUCCESS,,
9,-1,-1,-1,1,1,0.000,0.000,0.000,0.000,0.000,0.000,0.000,0.000,0.000,0.000,0.000,0.000,1,9,0,2,0,,1,true,162.8,FALLBACK_ACTIVATED_NO_RECOVERY,,
10,-1,-1,-1,1,1,0.000,0.000,0.000,0.000,0.000,0.000,0.000,0.000,0.000,0.000,0.000,0.000,1,2,0,0,0,,3,false,1.1,FALLBACK_ACTIVATED_NO_RECOVERY,,
11,-1,-1,-1,1,1,1.000,1.000,1.000,1.000,1.000,1.000,52.089,52.089,0.000,0.000,0.000,0.000,0,4,1,0,0,,2,false,85.2,UNCHANGED_DIRECT_SUCCESS,,
12,-1,-1,-1,1,1,0.000,1.000,0.000,1.000,0.000,1.000,0.000,167.609,0.000,0.000,0.000,0.000,1,1,0,1,1,1,3,true,167.6,RECOVERED_BY_FIX2,,
13,-1,-1,-1,1,1,0.000,0.000,0.000,0.000,0.000,0.000,0.000,0.000,0.000,0.000,0.000,0.000,1,1,0,2,0,1,2,false,5.8,FALLBACK_ACTIVATED_NO_RECOVERY,,
14,-1,-1,-1,1,1,0.000,1.000,0.000,1.000,0.000,1.000,0.000,121.566,0.000,0.000,0.000,0.000,1,7,0,2,1,1,1,true,121.6,RECOVERED_BY_FIX2,SHOULD_RECOVER,"signal evt: 1-hop track, same cluster, vtx_type=1"
15,-1,-1,-1,1,1,1.000,1.000,1.000,1.000,1.000,1.000,496.364,496.364,0.000,0.000,0.000,0.000,0,1,1,0,0,,2,false,496.4,UNCHANGED_DIRECT_SUCCESS,SHOULD_BE_UNCHANGED,known-good control: direct_has_usable=true expected
16,-1,-1,-1,1,1,0.000,1.000,0.000,1.000,0.000,1.000,0.000,23.597,0.000,0.000,0.000,0.000,1,1,0,4,1,1,2,false,54.0,RECOVERED_BY_FIX2,,
17,-1,-1,-1,1,1,1.000,1.000,2.000,2.000,2.000,2.000,48.691,48.691,0.000,0.000,0.000,0.000,0,5,1,0,0,,2,false,48.7,UNCHANGED_DIRECT_SUCCESS,,
18,-1,-1,-1,1,1,1.000,1.000,2.000,2.000,2.000,2.000,171.255,171.255,0.000,0.000,0.000,0.000,0,2,1,0,0,,2,true,171.3,UNCHANGED_DIRECT_SUCCESS,,
19,-1,-1,-1,1,1,1.000,1.000,1.000,1.000,1.000,1.000,34.238,34.238,0.000,0.000,0.000,0.000,0,15,1,0,0,NO_PATH,3,false,129.9,UNCHANGED_DIRECT_SUCCESS,,
20,-1,-1,-1,1,1,0.000,1.000,0.000,1.000,0.000,1.000,0.000,153.823,0.000,0.000,0.000,0.000,1,3,0,3,1,1,2,false,153.8,RECOVERED_BY_FIX2,SHOULD_RECOVER,"signal evt: 1-hop track, diff cluster graph-connected, vtx_type=2"
21,-1,-1,-1,1,1,0.000,0.000,0.000,0.000,0.000,0.000,0.000,0.000,0.000,0.000,0.000,0.000,1,2,0,0,0,,1,true,279.7,FALLBACK_ACTIVATED_NO_RECOVERY,,
22,-1,-1,-1,1,1,1.000,1.000,1.000,1.000,1.000,1.000,81.509,81.509,0.000,0.000,1.000,1.000,0,3,1,0,0,,1,true,155.6,UNCHANGED_DIRECT_SUCCESS,,
23,-1,-1,-1,1,1,1.000,1.000,2.000,2.000,2.000,2.000,238.830,238.830,0.000,0.000,1.000,1.000,0,4,1,0,0,,1,true,238.8,UNCHANGED_DIRECT_SUCCESS,,
24,-1,-1,-1,1,1,1.000,1.000,1.000,1.000,1.000,1.000,95.517,95.517,1.000,1.000,1.000,1.000,0,5,1,0,0,,1,true,95.5,UNCHANGED_DIRECT_SUCCESS,,
25,-1,-1,-1,1,1,1.000,1.000,1.000,1.000,1.000,1.000,77.214,77.214,0.000,0.000,0.000,0.000,0,8,1,0,0,,1,true,77.2,UNCHANGED_DIRECT_SUCCESS,,
26,-1,-1,-1,1,1,0.000,1.000,0.000,2.000,0.000,2.000,0.000,90.357,0.000,0.000,0.000,0.000,1,7,0,3,1,1,3,false,90.4,RECOVERED_BY_FIX2,,
27,-1,-1,-1,1,1,0.000,0.000,0.000,0.000,0.000,0.000,0.000,0.000,0.000,0.000,0.000,0.000,1,11,0,6,0,1,2,false,16.4,FALLBACK_ACTIVATED_NO_RECOVERY,,
28,-1,-1,-1,1,1,1.000,1.000,2.000,2.000,2.000,2.000,203.122,203.122,0.000,0.000,1.000,1.000,0,4,1,0,0,,1,true,203.1,UNCHANGED_DIRECT_SUCCESS,,
29,-1,-1,-1,1,1,1.000,1.000,3.000,3.000,3.000,3.000,88.687,88.687,0.000,0.000,1.000,1.000,0,13,1,0,0,,1,true,88.7,UNCHANGED_DIRECT_SUCCESS,,
30,-1,-1,-1,1,1,0.000,0.000,0.000,0.000,0.000,0.000,0.000,0.000,0.000,0.000,0.000,0.000,1,5,0,0,0,NO_PATH,3,false,324.2,FALLBACK_ACTIVATED_NO_RECOVERY,,
31,-1,-1,-1,1,1,0.000,0.000,0.000,0.000,0.000,0.000,0.000,0.000,0.000,0.000,0.000,0.000,1,0,0,0,0,NO_PATH,3,true,217.3,FALLBACK_ACTIVATED_NO_RECOVERY,,
32,-1,-1,-1,1,1,0.000,0.000,0.000,0.000,0.000,0.000,0.000,0.000,0.000,0.000,0.000,0.000,1,0,0,0,0,NO_PATH,3,true,90.0,FALLBACK_ACTIVATED_NO_RECOVERY,,
33,-1,-1,-1,1,1,1.000,1.000,1.000,1.000,1.000,1.000,23.993,23.993,1.000,1.000,0.000,0.000,0,4,1,0,0,NO_PATH,3,false,43.2,UNCHANGED_DIRECT_SUCCESS,,
34,-1,-1,-1,1,1,1.000,1.000,2.000,2.000,2.000,2.000,278.139,278.139,0.000,0.000,1.000,1.000,0,3,1,0,0,,1,true,278.1,UNCHANGED_DIRECT_SUCCESS,,
35,-1,-1,-1,1,1,1.000,1.000,1.000,1.000,1.000,1.000,220.521,220.521,0.000,0.000,1.000,1.000,0,2,1,0,0,,1,true,220.5,UNCHANGED_DIRECT_SUCCESS,,
36,-1,-1,-1,1,1,1.000,1.000,1.000,1.000,1.000,1.000,210.541,210.541,0.000,0.000,1.000,1.000,0,3,1,0,0,,1,true,210.5,UNCHANGED_DIRECT_SUCCESS,,
37,-1,-1,-1,1,1,0.000,0.000,0.000,0.000,0.000,0.000,0.000,0.000,0.000,0.000,0.000,0.000,1,0,0,0,0,NO_PATH,3,true,151.9,FALLBACK_ACTIVATED_NO_RECOVERY,,
38,-1,-1,-1,1,1,1.000,1.000,1.000,1.000,1.000,1.000,123.201,123.201,0.000,0.000,1.000,1.000,0,3,1,0,0,NO_PATH,3,false,226.0,UNCHANGED_DIRECT_SUCCESS,,
39,NA,NA,NA,0,0,NA,NA,NA,NA,NA,NA,NA,NA,NA,NA,NA,NA,0,-1,-1,0,,,,,,NO_NEUTRINO_CANDIDATE,,
40,-1,-1,-1,1,1,1.000,1.000,3.000,3.000,2.000,2.000,65.580,65.580,0.000,0.000,1.000,1.000,0,12,1,0,0,,3,false,178.1,UNCHANGED_DIRECT_SUCCESS,,
41,-1,-1,-1,1,1,1.000,1.000,1.000,1.000,1.000,1.000,70.824,70.824,1.000,1.000,0.000,0.000,0,5,1,0,0,1,2,false,83.8,UNCHANGED_DIRECT_SUCCESS,,
42,-1,-1,-1,1,1,0.000,0.000,0.000,0.000,0.000,0.000,0.000,0.000,0.000,0.000,0.000,0.000,1,0,0,0,0,NO_PATH,3,false,374.9,FALLBACK_ACTIVATED_NO_RECOVERY,,
43,-1,-1,-1,1,1,1.000,1.000,1.000,1.000,1.000,1.000,31.234,31.234,0.000,0.000,0.000,0.000,0,1,1,0,0,1,2,false,141.0,UNCHANGED_DIRECT_SUCCESS,,
44,-1,-1,-1,1,1,0.000,0.000,0.000,0.000,0.000,0.000,0.000,0.000,0.000,0.000,0.000,0.000,1,1,0,3,0,,2,false,90.1,FALLBACK_ACTIVATED_NO_RECOVERY,,
45,-1,-1,-1,1,1,1.000,1.000,2.000,2.000,2.000,2.000,310.964,310.964,0.000,0.000,1.000,1.000,0,13,1,0,0,,1,true,311.0,UNCHANGED_DIRECT_SUCCESS,,
46,-1,-1,-1,1,1,1.000,1.000,1.000,1.000,1.000,1.000,41.966,41.966,0.000,0.000,0.000,0.000,0,6,1,0,0,,1,true,42.6,UNCHANGED_DIRECT_SUCCESS,,
47,-1,-1,-1,1,1,1.000,1.000,2.000,2.000,2.000,2.000,109.522,109.522,0.000,0.000,0.000,0.000,0,25,1,0,0,,4,false,109.5,UNCHANGED_DIRECT_SUCCESS,,
48,-1,-1,-1,1,1,1.000,1.000,1.000,1.000,1.000,1.000,91.328,91.328,1.000,1.000,0.000,0.000,0,3,1,0,0,,2,false,91.3,UNCHANGED_DIRECT_SUCCESS,,
49,-1,-1,-1,1,1,1.000,1.000,2.000,2.000,2.000,2.000,327.742,327.742,0.000,0.000,1.000,1.000,0,2,1,0,0,,1,true,327.7,UNCHANGED_DIRECT_SUCCESS,,
50,-1,-1,-1,1,1,0.000,0.000,0.000,0.000,0.000,0.000,0.000,0.000,0.000,0.000,0.000,0.000,1,1,0,0,0,,2,false,13.1,FALLBACK_ACTIVATED_NO_RECOVERY,,
51,-1,-1,-1,1,1,1.000,1.000,1.000,1.000,1.000,1.000,23.682,23.682,0.000,0.000,0.000,0.000,0,4,1,0,0,,1,true,46.8,UNCHANGED_DIRECT_SUCCESS,,
52,NA,NA,NA,0,0,NA,NA,NA,NA,NA,NA,NA,NA,NA,NA,NA,NA,0,-1,-1,0,,,,,,NO_NEUTRINO_CANDIDATE,,
53,-1,-1,-1,1,1,1.000,1.000,4.000,4.000,4.000,4.000,356.900,356.900,0.000,0.000,1.000,1.000,0,7,1,0,0,,3,false,361.1,UNCHANGED_DIRECT_SUCCESS,,
54,-1,-1,-1,1,1,0.000,0.000,0.000,0.000,0.000,0.000,0.000,0.000,0.000,0.000,0.000,0.000,1,8,0,3,0,1,2,false,52.3,FALLBACK_ACTIVATED_NO_RECOVERY,,"11 candidates found, downstream tagger fail"
55,-1,-1,-1,1,1,0.000,0.000,0.000,0.000,0.000,0.000,0.000,0.000,0.000,0.000,0.000,0.000,1,3,0,1,0,3,3,false,8.4,FALLBACK_ACTIVATED_NO_RECOVERY,,
56,-1,-1,-1,1,1,0.000,0.000,0.000,0.000,0.000,0.000,0.000,0.000,0.000,0.000,0.000,0.000,1,0,0,0,0,NO_PATH,3,false,337.8,FALLBACK_ACTIVATED_NO_RECOVERY,,
57,-1,-1,-1,1,1,1.000,1.000,3.000,3.000,3.000,3.000,369.958,369.958,0.000,0.000,1.000,1.000,0,6,1,0,0,,1,true,370.0,UNCHANGED_DIRECT_SUCCESS,,
58,-1,-1,-1,1,1,0.000,0.000,0.000,0.000,0.000,0.000,0.000,0.000,0.000,0.000,0.000,0.000,1,0,0,9,0,NO_PATH,3,false,449.0,FALLBACK_ACTIVATED_NO_RECOVERY,SHOULD_REMAIN_UNRECOVERED,"companion-cluster: BFS_NO_PATH, vtx_type=3, shw_cl=45 main_cl=2"
