evt_idx,run,subrun,event,n_direct_showers,n_neighbor_showers_added,total_candidates,max_direct_energy_mev,max_direct_pdg,max_neighbor_energy_mev,max_neighbor_pdg,any_neighbor_pdg11,max_neighbor_pdg11_energy_mev,any_cand_pdg11_above20mev,max_cand_pdg11_above20_energy_mev,bfs_hops,maxe_shw_energy_mev,maxe_shw_pdg,maxe_vtx_type,maxe_same_cl,maxe_shw_cl,maxe_main_cl,maxe_dist_to_mv_cm,maxe_in_candidates,baseline_shw_sp_filled,patched_shw_sp_filled,patched_shw_sp_n_20mev,patched_shw_sp_n_20br1,first_failure_category,category_notes
0,30,0,160,4,0,4,124.2,211,0.0,,no,0.0,no,0.0,,124.2,211,1,false,6,4,0.0,true,0.000,0.000,0.000,0.000,NEIGHBOR_SHOWER_WRONG_PDG,max cand E=124.2MeV pdg=211; no pdg=11 >20 MeV
2,30,0,810,0,0,0,0.0,,0.0,,no,0.0,no,0.0,NO_PATH,264.5,11,3,true,1,1,98.1,false,0.000,0.000,0.000,0.000,GRAPH_DISCONNECTED_NO_RELEVANT_NEIGHBOR_SHOWER,BFS_NO_PATH; detached pdg=11 E=264.5MeV vtx_type=3
6,40,0,209,1,0,1,4.5,11,0.0,,no,0.0,no,0.0,,4.5,11,1,true,1,1,0.0,true,0.000,0.000,0.000,0.000,NO_NEIGHBOR_SHOWER_ABOVE_20MEV,max pdg=11 in pool=4.5MeV (<20 MeV)
9,40,0,863,9,2,11,162.8,211,2.9,11,yes,2.9,no,0.0,,162.8,211,1,true,1,1,0.0,true,0.000,0.000,0.000,0.000,NEIGHBOR_SHOWER_WRONG_PDG,max cand E=162.8MeV pdg=211; no pdg=11 >20 MeV
10,40,0,979,2,0,2,1.1,11,0.0,,no,0.0,no,0.0,,1.1,11,3,false,3,1,0.0,true,0.000,0.000,0.000,0.000,NO_NEIGHBOR_SHOWER_ABOVE_20MEV,max pdg=11 in pool=1.1MeV (<20 MeV)
13,50,0,404,1,2,3,0.7,11,5.8,11,yes,5.8,no,0.0,1,5.8,11,2,false,4,1,33.3,true,0.000,0.000,0.000,0.000,NO_NEIGHBOR_SHOWER_ABOVE_20MEV,max pdg=11 in pool=5.8MeV (<20 MeV)
21,60,0,384,2,0,2,279.7,211,0.0,,no,0.0,no,0.0,,279.7,211,1,true,1,1,0.0,true,0.000,0.000,0.000,0.000,NEIGHBOR_SHOWER_WRONG_PDG,max cand E=279.7MeV pdg=211; no pdg=11 >20 MeV
27,70,0,469,11,6,17,9.0,11,16.4,11,yes,16.4,no,0.0,1,16.4,11,2,false,22,2,29.6,true,0.000,0.000,0.000,0.000,NO_NEIGHBOR_SHOWER_ABOVE_20MEV,max pdg=11 in pool=16.4MeV (<20 MeV)
30,70,0,746,5,0,5,10.3,11,0.0,,no,0.0,no,0.0,NO_PATH,324.2,2212,3,false,4,1,265.4,false,0.000,0.000,0.000,0.000,NO_NEIGHBOR_SHOWER_ABOVE_20MEV,max pdg=11 in pool=10.3MeV (<20 MeV)
31,70,0,819,0,0,0,0.0,,0.0,,no,0.0,no,0.0,NO_PATH,217.3,11,3,true,1,1,38.4,false,0.000,0.000,0.000,0.000,GRAPH_DISCONNECTED_NO_RELEVANT_NEIGHBOR_SHOWER,BFS_NO_PATH; detached pdg=11 E=217.3MeV vtx_type=3
32,70,0,827,0,0,0,0.0,,0.0,,no,0.0,no,0.0,NO_PATH,90.0,11,3,true,1,1,48.1,false,0.000,0.000,0.000,0.000,GRAPH_DISCONNECTED_NO_RELEVANT_NEIGHBOR_SHOWER,BFS_NO_PATH; detached pdg=11 E=90.0MeV vtx_type=3
37,80,0,936,0,0,0,0.0,,0.0,,no,0.0,no,0.0,NO_PATH,151.9,11,3,true,1,1,51.9,false,0.000,0.000,0.000,0.000,GRAPH_DISCONNECTED_NO_RELEVANT_NEIGHBOR_SHOWER,BFS_NO_PATH; detached pdg=11 E=151.9MeV vtx_type=3
42,100,0,616,0,0,0,0.0,,0.0,,no,0.0,no,0.0,NO_PATH,374.9,11,3,false,6,1,110.0,false,0.000,0.000,0.000,0.000,GRAPH_DISCONNECTED_NO_RELEVANT_NEIGHBOR_SHOWER,BFS_NO_PATH; detached pdg=11 E=374.9MeV vtx_type=3
44,100,0,922,1,3,4,90.1,13,2.2,11,yes,2.2,no,0.0,,90.1,13,2,false,5,1,0.0,true,0.000,0.000,0.000,0.000,NEIGHBOR_SHOWER_WRONG_PDG,max cand E=90.1MeV pdg=13; no pdg=11 >20 MeV
50,120,0,173,1,0,1,13.1,11,0.0,,no,0.0,no,0.0,,13.1,11,2,false,2,1,0.0,true,0.000,0.000,0.000,0.000,NO_NEIGHBOR_SHOWER_ABOVE_20MEV,max pdg=11 in pool=13.1MeV (<20 MeV)
54,120,0,529,8,3,11,10.9,11,52.3,13,no,0.0,no,0.0,1,52.3,13,2,false,20,1,39.2,true,0.000,0.000,0.000,0.000,NEIGHBOR_SHOWER_WRONG_PDG,max cand E=52.3MeV pdg=13; no pdg=11 >20 MeV
55,120,0,547,3,1,4,1.2,11,6.0,11,yes,6.0,no,0.0,3,8.4,11,3,false,8,1,18.4,false,0.000,0.000,0.000,0.000,NO_NEIGHBOR_SHOWER_ABOVE_20MEV,max pdg=11 in pool=6.0MeV (<20 MeV)
56,120,0,588,0,0,0,0.0,,0.0,,no,0.0,no,0.0,NO_PATH,337.8,11,3,false,16,1,49.6,false,0.000,0.000,0.000,0.000,GRAPH_DISCONNECTED_NO_RELEVANT_NEIGHBOR_SHOWER,BFS_NO_PATH; detached pdg=11 E=337.8MeV vtx_type=3
58,120,0,664,0,9,9,0.0,,1.7,11,yes,1.7,no,0.0,NO_PATH,449.0,11,3,false,45,2,39.0,false,0.000,0.000,0.000,0.000,GRAPH_DISCONNECTED_NO_RELEVANT_NEIGHBOR_SHOWER,BFS_NO_PATH; detached pdg=11 E=449.0MeV vtx_type=3
