evt_idx,run,subrun,event,baseline_shw_sp_filled,patched_shw_sp_filled,baseline_shw_sp_n_20mev,patched_shw_sp_n_20mev,baseline_shw_sp_n_20br1,patched_shw_sp_n_20br1,baseline_shw_sp_energy,patched_shw_sp_energy,baseline_proton_cat,patched_proton_cat,baseline_numu_evaluable,patched_numu_evaluable,baseline_numu_score,patched_numu_score,numu_evaluability_changed,numu_score_delta,baseline_other_evaluable,patched_other_evaluable,baseline_other_score,patched_other_score,other_evaluability_changed,other_score_delta,baseline_ncpi0_evaluable,patched_ncpi0_evaluable,baseline_ncpi0_score,patched_ncpi0_score,ncpi0_evaluability_changed,ncpi0_score_delta,baseline_nue_evaluable,patched_nue_evaluable,baseline_nue_score,patched_nue_score,nue_evaluability_changed,nue_score_delta,notes
0,30,,160,0,0,0,0,0,0,0.0000,0.0000,Np,Np,0,0,,,0,,0,0,,,0,,0,0,,,0,,0,0,,,0,,
1,30,,336,1,1,3,3,3,3,277.2092,277.2092,0p,0p,1,1,0.994035,0.994035,0,+0.000000,1,1,0.741419,0.741419,0,+0.000000,1,1,-0.900168,-0.900168,0,+0.000000,1,1,-0.359964,-0.359964,0,+0.000000,
2,30,,810,0,0,0,0,0,0,0.0000,0.0000,Np,Np,0,0,,,0,,0,0,,,0,,0,0,,,0,,0,0,,,0,,
3,30,,901,1,1,1,1,1,1,268.5840,268.5840,0p,0p,1,1,0.999247,0.999247,0,+0.000000,1,1,-0.942932,-0.942932,0,+0.000000,1,1,0.342936,0.342936,0,+0.000000,1,1,-0.790199,-0.790199,0,+0.000000,
4,30,,937,1,1,4,4,4,4,41.2658,41.2658,Np,Np,1,1,0.379853,0.379853,0,+0.000000,1,1,-0.975724,-0.975724,0,+0.000000,1,1,-0.515807,-0.515807,0,+0.000000,1,1,-0.975491,-0.975491,0,+0.000000,
5,40,,142,1,1,1,1,1,1,344.0213,344.0213,0p,0p,1,1,0.973535,0.973535,0,+0.000000,1,1,0.594102,0.594102,0,+0.000000,1,1,0.242957,0.242957,0,+0.000000,1,1,0.724842,0.724842,0,+0.000000,
6,40,,209,0,0,0,0,0,0,0.0000,0.0000,Np,Np,0,0,,,0,,0,0,,,0,,0,0,,,0,,0,0,,,0,,
7,40,,271,1,1,1,1,1,1,203.6416,203.6416,Np,Np,1,1,-0.941567,-0.941567,0,+0.000000,1,1,-0.599019,-0.599019,0,+0.000000,1,1,-0.406019,-0.406019,0,+0.000000,1,1,-0.982936,-0.982936,0,+0.000000,
8,40,,744,1,1,1,1,1,1,53.3906,53.3906,Np,Np,1,1,-0.780168,-0.780168,0,+0.000000,1,1,-0.297071,-0.297071,0,+0.000000,1,1,-0.764835,-0.764835,0,+0.000000,1,1,-0.807932,-0.807932,0,+0.000000,
9,40,,863,0,0,0,0,0,0,0.0000,0.0000,0p,0p,0,0,,,0,,0,0,,,0,,0,0,,,0,,0,0,,,0,,
10,40,,979,0,0,0,0,0,0,0.0000,0.0000,0p,0p,0,0,,,0,,0,0,,,0,,0,0,,,0,,0,0,,,0,,
11,50,,291,1,1,1,1,1,1,52.0887,52.0887,0p,0p,1,1,-0.050957,-0.050957,0,+0.000000,1,1,-0.445105,-0.445105,0,+0.000000,1,1,-0.769255,-0.769255,0,+0.000000,1,1,-0.764160,-0.764160,0,+0.000000,
12,50,,302,0,1,0,1,0,1,0.0000,167.6092,0p,0p,0,1,,0.912524,1,,0,1,,-0.616531,1,,0,1,,-0.268862,1,,0,1,,-0.753863,1,,
13,50,,404,0,0,0,0,0,0,0.0000,0.0000,0p,0p,0,0,,,0,,0,0,,,0,,0,0,,,0,,0,0,,,0,,
14,50,,449,0,1,0,1,0,1,0.0000,121.5657,Np,Np,0,1,,-0.846658,1,,0,1,,-0.906476,1,,0,1,,-0.245590,1,,0,1,,-0.294223,1,,"signal: expected recovery, shw_sp_filled 0->1"
15,50,,458,1,1,1,1,1,1,496.3643,496.3643,Np,Np,1,1,0.996595,0.996595,0,+0.000000,1,1,0.987617,0.987617,0,+0.000000,1,1,0.312130,0.312130,0,+0.000000,1,1,-0.352288,-0.352288,0,+0.000000,
16,50,,610,0,1,0,1,0,1,0.0000,23.5969,0p,0p,0,1,,-0.542050,1,,0,1,,-0.872010,1,,0,1,,-0.185492,1,,0,1,,-0.225439,1,,
17,50,,676,1,1,2,2,2,2,48.6914,48.6914,Np,Np,1,1,0.966020,0.966020,0,+0.000000,1,1,-0.855326,-0.855326,0,+0.000000,1,1,-0.566884,-0.566884,0,+0.000000,1,1,-0.899387,-0.899387,0,+0.000000,
18,50,,725,1,1,2,2,2,2,171.2554,171.2554,0p,0p,1,1,0.911450,0.911450,0,+0.000000,1,1,0.767190,0.767190,0,+0.000000,1,1,-0.380012,-0.380012,0,+0.000000,1,1,0.414316,0.414316,0,+0.000000,
19,50,,829,1,1,1,1,1,1,34.2378,34.2378,Np,Np,1,1,-0.573375,-0.573375,0,+0.000000,1,1,-0.923313,-0.923313,0,+0.000000,1,1,-0.904698,-0.904698,0,+0.000000,1,1,-0.790413,-0.790413,0,+0.000000,
20,60,,153,0,1,0,1,0,1,0.0000,153.8233,Np,Np,0,1,,0.905860,1,,0,1,,0.278560,1,,0,1,,-0.019994,1,,0,1,,0.571633,1,,"signal: expected recovery, shw_sp_filled 0->1"
21,60,,384,0,0,0,0,0,0,0.0000,0.0000,Np,Np,0,0,,,0,,0,0,,,0,,0,0,,,0,,0,0,,,0,,
22,60,,862,1,1,1,1,1,1,81.5085,81.5085,Np,Np,1,1,-0.488942,-0.488942,0,+0.000000,1,1,-0.093619,-0.093619,0,+0.000000,1,1,-0.306837,-0.306837,0,+0.000000,1,1,-0.957087,-0.957087,0,+0.000000,
23,60,,926,1,1,2,2,2,2,238.8301,238.8301,0p,0p,1,1,0.835685,0.835685,0,+0.000000,1,1,-0.900884,-0.900884,0,+0.000000,1,1,-0.530794,-0.530794,0,+0.000000,1,1,-0.986953,-0.986953,0,+0.000000,
24,60,,937,1,1,1,1,1,1,95.5175,95.5175,0p,0p,1,1,-0.271902,-0.271902,0,+0.000000,1,1,-0.787638,-0.787638,0,+0.000000,1,1,-0.104103,-0.104103,0,+0.000000,1,1,0.535985,0.535985,0,+0.000000,
25,70,,55,1,1,1,1,1,1,77.2141,77.2141,0p,0p,1,1,0.808789,0.808789,0,+0.000000,1,1,-0.869270,-0.882415,0,-0.013145,1,1,0.512416,0.512416,0,+0.000000,1,1,0.840094,0.832088,0,-0.008006,
26,70,,206,0,1,0,2,0,2,0.0000,90.3570,0p,0p,0,1,,-0.831491,1,,0,1,,-0.793368,1,,0,1,,-0.819913,1,,0,1,,-0.840160,1,,
27,70,,469,0,0,0,0,0,0,0.0000,0.0000,0p,0p,0,0,,,0,,0,0,,,0,,0,0,,,0,,0,0,,,0,,
28,70,,631,1,1,2,2,2,2,203.1222,203.1222,0p,0p,1,1,0.989756,0.989756,0,+0.000000,1,1,0.093157,0.093157,0,+0.000000,1,1,0.052177,0.052177,0,+0.000000,1,1,-0.034668,-0.034668,0,+0.000000,
29,70,,710,1,1,3,3,3,3,88.6867,88.6867,Np,Np,1,1,-0.978760,-0.978760,0,+0.000000,1,1,-0.928918,-0.928918,0,+0.000000,1,1,-0.055740,-0.055740,0,+0.000000,1,1,-0.972764,-0.971941,0,+0.000823,
30,70,,746,0,0,0,0,0,0,0.0000,0.0000,Np,Np,0,0,,,0,,0,0,,,0,,0,0,,,0,,0,0,,,0,,
31,70,,819,0,0,0,0,0,0,0.0000,0.0000,Np,Np,0,0,,,0,,0,0,,,0,,0,0,,,0,,0,0,,,0,,
32,70,,827,0,0,0,0,0,0,0.0000,0.0000,Np,Np,0,0,,,0,,0,0,,,0,,0,0,,,0,,0,0,,,0,,
33,70,,884,1,1,1,1,1,1,23.9930,23.9930,0p,0p,1,1,-0.067086,-0.067086,0,+0.000000,1,1,-0.984364,-0.984364,0,+0.000000,1,1,0.444949,0.444949,0,+0.000000,1,1,-0.969543,-0.969543,0,+0.000000,
34,80,,74,1,1,2,2,2,2,278.1393,278.1393,0p,0p,1,1,0.873522,0.873522,0,+0.000000,1,1,-0.791428,-0.791428,0,+0.000000,1,1,-0.742344,-0.742344,0,+0.000000,1,1,-0.029278,-0.029278,0,+0.000000,
35,80,,266,1,1,1,1,1,1,220.5215,220.5215,Np,Np,1,1,0.717277,0.717277,0,+0.000000,1,1,0.269372,0.269372,0,+0.000000,1,1,-0.417926,-0.417926,0,+0.000000,1,1,-0.953519,-0.953519,0,+0.000000,
36,80,,399,1,1,1,1,1,1,210.5405,210.5405,0p,0p,1,1,0.463939,0.463939,0,+0.000000,1,1,0.526184,0.526184,0,+0.000000,1,1,0.393786,0.393786,0,+0.000000,1,1,-0.996678,-0.996678,0,+0.000000,
37,80,,936,0,0,0,0,0,0,0.0000,0.0000,Np,Np,0,0,,,0,,0,0,,,0,,0,0,,,0,,0,0,,,0,,
38,90,,186,1,1,1,1,1,1,123.2007,123.2007,Np,Np,1,1,0.086152,0.086152,0,+0.000000,1,1,0.817744,0.817744,0,+0.000000,1,1,-0.984785,-0.984785,0,+0.000000,1,1,-0.739475,-0.739475,0,+0.000000,
39,90,,479,0,0,0,0,0,0,,,UNCLASSIFIABLE_NO_KINE,UNCLASSIFIABLE_NO_KINE,0,0,,,0,,0,0,,,0,,0,0,,,0,,0,0,,,0,,
40,100,,79,1,1,3,3,2,2,65.5804,65.5804,0p,0p,1,1,-0.210568,-0.210568,0,+0.000000,1,1,-0.964197,-0.964197,0,+0.000000,1,1,-0.791868,-0.791868,0,+0.000000,1,1,-0.947209,-0.947209,0,+0.000000,
41,100,,141,1,1,1,1,1,1,70.8238,70.8238,Np,Np,1,1,-0.410199,-0.410199,0,+0.000000,1,1,-0.338872,-0.338872,0,+0.000000,1,1,0.011206,0.011206,0,+0.000000,1,1,-0.930374,-0.930374,0,+0.000000,
42,100,,616,0,0,0,0,0,0,0.0000,0.0000,Np,Np,0,0,,,0,,0,0,,,0,,0,0,,,0,,0,0,,,0,,
43,100,,704,1,1,1,1,1,1,31.2340,31.2340,Np,Np,1,1,-0.927648,-0.927648,0,+0.000000,1,1,-0.721187,-0.721187,0,+0.000000,1,1,-0.935817,-0.935817,0,+0.000000,1,1,0.876628,0.876628,0,+0.000000,
44,100,,922,0,0,0,0,0,0,0.0000,0.0000,Np,Np,0,0,,,0,,0,0,,,0,,0,0,,,0,,0,0,,,0,,
45,100,,976,1,1,2,2,2,2,310.9639,310.9639,Np,Np,1,1,0.052746,0.052746,0,+0.000000,1,1,0.521387,0.521387,0,+0.000000,1,1,-0.142474,-0.142474,0,+0.000000,1,1,-0.894988,-0.894988,0,+0.000000,
46,110,,609,1,1,1,1,1,1,41.9659,41.9659,0p,0p,1,1,-0.974256,-0.975344,0,-0.001088,1,1,-0.971395,-0.971395,0,+0.000000,1,1,0.559318,0.559318,0,+0.000000,1,1,-0.936358,-0.944403,0,-0.008045,
47,110,,663,1,1,2,2,2,2,109.5224,109.5224,Np,Np,1,1,-0.728096,-0.728096,0,+0.000000,1,1,-0.009720,-0.009720,0,+0.000000,1,1,-0.890296,-0.890296,0,+0.000000,1,1,0.517636,0.517636,0,+0.000000,
48,110,,751,1,1,1,1,1,1,91.3283,91.3283,0p,0p,1,1,-0.110561,-0.110561,0,+0.000000,1,1,-0.884969,-0.884969,0,+0.000000,1,1,-0.446518,-0.446518,0,+0.000000,1,1,0.695124,0.695124,0,+0.000000,
49,120,,117,1,1,2,2,2,2,327.7418,327.7418,0p,0p,1,1,0.981923,0.981923,0,+0.000000,1,1,0.318203,0.318203,0,+0.000000,1,1,0.622054,0.622054,0,+0.000000,1,1,-0.996889,-0.996889,0,+0.000000,
50,120,,173,0,0,0,0,0,0,0.0000,0.0000,Np,Np,0,0,,,0,,0,0,,,0,,0,0,,,0,,0,0,,,0,,
51,120,,261,1,1,1,1,1,1,23.6818,23.6818,Np,Np,1,1,-0.999039,-0.999039,0,+0.000000,1,1,-0.988565,-0.988565,0,+0.000000,1,1,0.709381,0.709381,0,+0.000000,1,1,-0.921338,-0.921338,0,+0.000000,
52,120,,293,0,0,0,0,0,0,,,UNCLASSIFIABLE_NO_KINE,UNCLASSIFIABLE_NO_KINE,0,0,,,0,,0,0,,,0,,0,0,,,0,,0,0,,,0,,
53,120,,410,1,1,4,4,4,4,356.9005,356.9005,0p,0p,1,1,-0.232309,-0.232309,0,+0.000000,1,1,0.908684,0.908684,0,+0.000000,1,1,-0.337425,-0.337425,0,+0.000000,1,1,-0.877538,-0.877538,0,+0.000000,
54,120,,529,0,0,0,0,0,0,0.0000,0.0000,Np,Np,0,0,,,0,,0,0,,,0,,0,0,,,0,,0,0,,,0,,downstream fail: no recovery expected
55,120,,547,0,0,0,0,0,0,0.0000,0.0000,Np,Np,0,0,,,0,,0,0,,,0,,0,0,,,0,,0,0,,,0,,
56,120,,588,0,0,0,0,0,0,0.0000,0.0000,0p,0p,0,0,,,0,,0,0,,,0,,0,0,,,0,,0,0,,,0,,
57,120,,649,1,1,3,3,3,3,369.9577,369.9577,0p,0p,1,1,0.101598,0.101598,0,+0.000000,1,1,0.937947,0.937947,0,+0.000000,1,1,0.557851,0.557851,0,+0.000000,1,1,-0.977600,-0.977600,0,+0.000000,
58,120,,664,0,0,0,0,0,0,0.0000,0.0000,0p,0p,0,0,,,0,,0,0,,,0,,0,0,,,0,,0,0,,,0,,companion-cluster: no recovery expected
