evt_idx,run,subrun,event,has_neutrino_candidate,shw_sp_filled,br_filled,shw_sp_n_20mev_showers,shw_sp_n_20br1_showers,shw_sp_energy,kine_nu_y_corr,kine_pio_flag,n_protons_kine_above35mev,proton_category,numu_bdt_evaluable,numu_bdt_score,numu_failure_reason,other_bdt_evaluable,other_bdt_score,other_failure_reason,ncpi0_bdt_evaluable,ncpi0_bdt_score,ncpi0_failure_reason,nue_bdt_evaluable,nue_bdt_score,nue_failure_reason
0,30,,160,1,0,0,0,0,0.0000,16.3991,1,2,Np,0,,MAIN_VERTEX_SHOWER_INACCESSIBLE,0,,MAIN_VERTEX_SHOWER_INACCESSIBLE,0,,MAIN_VERTEX_SHOWER_INACCESSIBLE,0,,MAIN_VERTEX_SHOWER_INACCESSIBLE
1,30,,336,1,1,1,3,3,277.2092,-9.7551,1,0,0p,1,0.994035,,1,0.741419,,1,-0.900168,,1,-0.359964,
2,30,,810,1,0,0,0,0,0.0000,-105.5787,1,1,Np,0,,MAIN_VERTEX_SHOWER_INACCESSIBLE,0,,MAIN_VERTEX_SHOWER_INACCESSIBLE,0,,MAIN_VERTEX_SHOWER_INACCESSIBLE,0,,MAIN_VERTEX_SHOWER_INACCESSIBLE
3,30,,901,1,1,1,1,1,268.5840,168.1454,0,0,0p,1,0.999247,,1,-0.942932,,1,0.342936,,1,-0.790199,
4,30,,937,1,1,0,4,4,41.2658,-173.2307,1,1,Np,1,0.379853,,1,-0.975724,,1,-0.515807,,1,-0.975491,
5,40,,142,1,1,0,1,1,344.0213,106.6080,0,0,0p,1,0.973535,,1,0.594102,,1,0.242957,,1,0.724842,
6,40,,209,1,0,0,0,0,0.0000,193.5132,0,1,Np,0,,MAIN_VERTEX_SHOWER_INACCESSIBLE,0,,MAIN_VERTEX_SHOWER_INACCESSIBLE,0,,MAIN_VERTEX_SHOWER_INACCESSIBLE,0,,MAIN_VERTEX_SHOWER_INACCESSIBLE
7,40,,271,1,1,1,1,1,203.6416,128.3203,1,1,Np,1,-0.941567,,1,-0.599019,,1,-0.406019,,1,-0.982936,
8,40,,744,1,1,0,1,1,53.3906,-63.2854,1,1,Np,1,-0.780168,,1,-0.297071,,1,-0.764835,,1,-0.807932,
9,40,,863,1,0,0,0,0,0.0000,-100.6157,1,0,0p,0,,MAIN_VERTEX_SHOWER_INACCESSIBLE,0,,MAIN_VERTEX_SHOWER_INACCESSIBLE,0,,MAIN_VERTEX_SHOWER_INACCESSIBLE,0,,MAIN_VERTEX_SHOWER_INACCESSIBLE
10,40,,979,1,0,0,0,0,0.0000,-164.0187,1,0,0p,0,,MAIN_VERTEX_SHOWER_INACCESSIBLE,0,,MAIN_VERTEX_SHOWER_INACCESSIBLE,0,,MAIN_VERTEX_SHOWER_INACCESSIBLE,0,,MAIN_VERTEX_SHOWER_INACCESSIBLE
11,50,,291,1,1,0,1,1,52.0887,158.8713,1,0,0p,1,-0.050957,,1,-0.445105,,1,-0.769255,,1,-0.764160,
12,50,,302,1,1,0,1,1,167.6092,173.7709,1,0,0p,1,0.912524,,1,-0.616531,,1,-0.268862,,1,-0.753863,
13,50,,404,1,0,0,0,0,0.0000,19.9267,1,0,0p,0,,MAIN_VERTEX_SHOWER_INACCESSIBLE,0,,MAIN_VERTEX_SHOWER_INACCESSIBLE,0,,MAIN_VERTEX_SHOWER_INACCESSIBLE,0,,MAIN_VERTEX_SHOWER_INACCESSIBLE
14,50,,449,1,1,0,1,1,121.5657,185.2777,1,1,Np,1,-0.846658,,1,-0.906476,,1,-0.245590,,1,-0.294223,
15,50,,458,1,1,0,1,1,496.3643,-53.2209,0,1,Np,1,0.996595,,1,0.987617,,1,0.312130,,1,-0.352288,
16,50,,610,1,1,0,1,1,23.5969,139.1039,1,0,0p,1,-0.542050,,1,-0.872010,,1,-0.185492,,1,-0.225439,
17,50,,676,1,1,0,2,2,48.6914,26.4377,1,1,Np,1,0.966020,,1,-0.855326,,1,-0.566884,,1,-0.899387,
18,50,,725,1,1,0,2,2,171.2554,-12.1259,0,0,0p,1,0.911450,,1,0.767190,,1,-0.380012,,1,0.414316,
19,50,,829,1,1,0,1,1,34.2378,-74.6227,1,1,Np,1,-0.573375,,1,-0.923313,,1,-0.904698,,1,-0.790413,
20,60,,153,1,1,0,1,1,153.8233,136.9503,1,2,Np,1,0.905860,,1,0.278560,,1,-0.019994,,1,0.571633,
21,60,,384,1,0,0,0,0,0.0000,-161.7818,1,1,Np,0,,MAIN_VERTEX_SHOWER_INACCESSIBLE,0,,MAIN_VERTEX_SHOWER_INACCESSIBLE,0,,MAIN_VERTEX_SHOWER_INACCESSIBLE,0,,MAIN_VERTEX_SHOWER_INACCESSIBLE
22,60,,862,1,1,1,1,1,81.5085,-31.3297,1,1,Np,1,-0.488942,,1,-0.093619,,1,-0.306837,,1,-0.957087,
23,60,,926,1,1,1,2,2,238.8301,-116.2649,1,0,0p,1,0.835685,,1,-0.900884,,1,-0.530794,,1,-0.986953,
24,60,,937,1,1,1,1,1,95.5175,-196.9415,1,0,0p,1,-0.271902,,1,-0.787638,,1,-0.104103,,1,0.535985,
25,70,,55,1,1,0,1,1,77.2141,56.6227,1,0,0p,1,0.808789,,1,-0.882415,,1,0.512416,,1,0.832088,
26,70,,206,1,1,0,2,2,90.3570,-70.0383,1,0,0p,1,-0.831491,,1,-0.793368,,1,-0.819913,,1,-0.840160,
27,70,,469,1,0,0,0,0,0.0000,48.3426,1,0,0p,0,,MAIN_VERTEX_SHOWER_INACCESSIBLE,0,,MAIN_VERTEX_SHOWER_INACCESSIBLE,0,,MAIN_VERTEX_SHOWER_INACCESSIBLE,0,,MAIN_VERTEX_SHOWER_INACCESSIBLE
28,70,,631,1,1,1,2,2,203.1222,92.9429,1,0,0p,1,0.989756,,1,0.093157,,1,0.052177,,1,-0.034668,
29,70,,710,1,1,1,3,3,88.6867,-123.2187,1,1,Np,1,-0.978760,,1,-0.928918,,1,-0.055740,,1,-0.971941,
30,70,,746,1,0,0,0,0,0.0000,-93.3263,1,1,Np,0,,MAIN_VERTEX_SHOWER_INACCESSIBLE,0,,MAIN_VERTEX_SHOWER_INACCESSIBLE,0,,MAIN_VERTEX_SHOWER_INACCESSIBLE,0,,MAIN_VERTEX_SHOWER_INACCESSIBLE
31,70,,819,1,0,0,0,0,0.0000,-87.2225,1,1,Np,0,,MAIN_VERTEX_SHOWER_INACCESSIBLE,0,,MAIN_VERTEX_SHOWER_INACCESSIBLE,0,,MAIN_VERTEX_SHOWER_INACCESSIBLE,0,,MAIN_VERTEX_SHOWER_INACCESSIBLE
32,70,,827,1,0,0,0,0,0.0000,11.8102,1,1,Np,0,,MAIN_VERTEX_SHOWER_INACCESSIBLE,0,,MAIN_VERTEX_SHOWER_INACCESSIBLE,0,,MAIN_VERTEX_SHOWER_INACCESSIBLE,0,,MAIN_VERTEX_SHOWER_INACCESSIBLE
33,70,,884,1,1,0,1,1,23.9930,-9.7584,1,0,0p,1,-0.067086,,1,-0.984364,,1,0.444949,,1,-0.969543,
34,80,,74,1,1,1,2,2,278.1393,-136.4545,1,0,0p,1,0.873522,,1,-0.791428,,1,-0.742344,,1,-0.029278,
35,80,,266,1,1,1,1,1,220.5215,-17.5195,1,1,Np,1,0.717277,,1,0.269372,,1,-0.417926,,1,-0.953519,
36,80,,399,1,1,1,1,1,210.5405,106.3950,1,0,0p,1,0.463939,,1,0.526184,,1,0.393786,,1,-0.996678,
37,80,,936,1,0,0,0,0,0.0000,-142.7950,1,1,Np,0,,MAIN_VERTEX_SHOWER_INACCESSIBLE,0,,MAIN_VERTEX_SHOWER_INACCESSIBLE,0,,MAIN_VERTEX_SHOWER_INACCESSIBLE,0,,MAIN_VERTEX_SHOWER_INACCESSIBLE
38,90,,186,1,1,1,1,1,123.2007,-88.8542,0,1,Np,1,0.086152,,1,0.817744,,1,-0.984785,,1,-0.739475,
39,90,,479,0,0,0,0,0,,,,,UNCLASSIFIABLE_NO_KINE,0,,NO_NEUTRINO_CANDIDATE,0,,NO_NEUTRINO_CANDIDATE,0,,NO_NEUTRINO_CANDIDATE,0,,NO_NEUTRINO_CANDIDATE
40,100,,79,1,1,1,3,2,65.5804,108.2281,2,0,0p,1,-0.210568,,1,-0.964197,,1,-0.791868,,1,-0.947209,
41,100,,141,1,1,0,1,1,70.8238,53.7188,1,1,Np,1,-0.410199,,1,-0.338872,,1,0.011206,,1,-0.930374,
42,100,,616,1,0,0,0,0,0.0000,182.0479,0,1,Np,0,,MAIN_VERTEX_SHOWER_INACCESSIBLE,0,,MAIN_VERTEX_SHOWER_INACCESSIBLE,0,,MAIN_VERTEX_SHOWER_INACCESSIBLE,0,,MAIN_VERTEX_SHOWER_INACCESSIBLE
43,100,,704,1,1,0,1,1,31.2340,-23.8477,1,1,Np,1,-0.927648,,1,-0.721187,,1,-0.935817,,1,0.876628,
44,100,,922,1,0,0,0,0,0.0000,169.4046,1,1,Np,0,,MAIN_VERTEX_SHOWER_INACCESSIBLE,0,,MAIN_VERTEX_SHOWER_INACCESSIBLE,0,,MAIN_VERTEX_SHOWER_INACCESSIBLE,0,,MAIN_VERTEX_SHOWER_INACCESSIBLE
45,100,,976,1,1,1,2,2,310.9639,12.7360,1,1,Np,1,0.052746,,1,0.521387,,1,-0.142474,,1,-0.894988,
46,110,,609,1,1,0,1,1,41.9659,136.2296,1,0,0p,1,-0.975344,,1,-0.971395,,1,0.559318,,1,-0.944403,
47,110,,663,1,1,0,2,2,109.5224,27.3663,1,1,Np,1,-0.728096,,1,-0.009720,,1,-0.890296,,1,0.517636,
48,110,,751,1,1,0,1,1,91.3283,154.6001,1,0,0p,1,-0.110561,,1,-0.884969,,1,-0.446518,,1,0.695124,
49,120,,117,1,1,1,2,2,327.7418,189.3834,1,0,0p,1,0.981923,,1,0.318203,,1,0.622054,,1,-0.996889,
50,120,,173,1,0,0,0,0,0.0000,-31.8261,0,1,Np,0,,MAIN_VERTEX_SHOWER_INACCESSIBLE,0,,MAIN_VERTEX_SHOWER_INACCESSIBLE,0,,MAIN_VERTEX_SHOWER_INACCESSIBLE,0,,MAIN_VERTEX_SHOWER_INACCESSIBLE
51,120,,261,1,1,0,1,1,23.6818,-127.6478,1,1,Np,1,-0.999039,,1,-0.988565,,1,0.709381,,1,-0.921338,
52,120,,293,0,0,0,0,0,,,,,UNCLASSIFIABLE_NO_KINE,0,,NO_NEUTRINO_CANDIDATE,0,,NO_NEUTRINO_CANDIDATE,0,,NO_NEUTRINO_CANDIDATE,0,,NO_NEUTRINO_CANDIDATE
53,120,,410,1,1,1,4,4,356.9005,-65.7934,1,0,0p,1,-0.232309,,1,0.908684,,1,-0.337425,,1,-0.877538,
54,120,,529,1,0,0,0,0,0.0000,-45.4482,1,1,Np,0,,MAIN_VERTEX_SHOWER_INACCESSIBLE,0,,MAIN_VERTEX_SHOWER_INACCESSIBLE,0,,MAIN_VERTEX_SHOWER_INACCESSIBLE,0,,MAIN_VERTEX_SHOWER_INACCESSIBLE
55,120,,547,1,0,0,0,0,0.0000,198.1713,1,1,Np,0,,MAIN_VERTEX_SHOWER_INACCESSIBLE,0,,MAIN_VERTEX_SHOWER_INACCESSIBLE,0,,MAIN_VERTEX_SHOWER_INACCESSIBLE,0,,MAIN_VERTEX_SHOWER_INACCESSIBLE
56,120,,588,1,0,0,0,0,0.0000,31.0054,1,0,0p,0,,MAIN_VERTEX_SHOWER_INACCESSIBLE,0,,MAIN_VERTEX_SHOWER_INACCESSIBLE,0,,MAIN_VERTEX_SHOWER_INACCESSIBLE,0,,MAIN_VERTEX_SHOWER_INACCESSIBLE
57,120,,649,1,1,1,3,3,369.9577,17.4750,1,0,0p,1,0.101598,,1,0.937947,,1,0.557851,,1,-0.977600,
58,120,,664,1,0,0,0,0,0.0000,-42.6731,1,0,0p,0,,MAIN_VERTEX_SHOWER_INACCESSIBLE,0,,MAIN_VERTEX_SHOWER_INACCESSIBLE,0,,MAIN_VERTEX_SHOWER_INACCESSIBLE,0,,MAIN_VERTEX_SHOWER_INACCESSIBLE
