evt_idx,run,subrun,event,has_neutrino_candidate,shw_sp_filled,main_cluster_id,n_act_clusters,n_companion_clusters,n_clusters_total,max_em_energy_mev,max_em_included,max_em_energy_info,max_em_companion_energy_mev,max_em_main_energy_mev,kine_pio_flag,kine_pio_energy_1_mev,kine_pio_vtx_dis_cm,evidence_type,category,confidence,evidence_note
0,30,,160,1,0,4,35,34,46,11.312373161315918,3,2,11.312373161315918,6.331439018249512,1,136.75418090820312,0.0,B: pio_e1=137MeV >> max_em=11MeV (ratio=12.1),COMPANION_CLUSTER_SHOWER_INACCESSIBLE_CONFIRMED,MEDIUM,kine_pio found 137MeV photon but T_kine max EM is 11MeV; pattern matches evt_0000 (confirmed companion cluster); pi0 reco likely accessed companion cluster shower
2,30,,810,1,0,1,15,14,15,264.5386657714844,3,2,264.5386657714844,111.04502868652344,1,264.5386657714844,98.0802993774414,A: max_comp_em=265MeV(incl=3),COMPANION_CLUSTER_SHOWER_INACCESSIBLE_CONFIRMED,HIGH,T_kine dominant EM in companion cluster (kine_energy_included=3); singlephoton_tagger only accesses map_vertex_to_shower[main_vertex]
6,40,,209,1,0,1,1,0,1,4.515832901000977,1,0,0.0,4.515832901000977,0,0.0,0.0,"max_em=5MeV,pio_e1=0MeV,pio_flag=0",SEVERE_IMAGING_UNDERRECO,MEDIUM,"No significant EM shower found anywhere (max T_kine EM=5MeV, pio_e1=0MeV); photon shower either not reconstructed or severely fragmented below thresholds"
9,40,,863,1,0,1,25,24,31,2.8743224143981934,3,2,2.8743224143981934,0.0,1,2.8743224143981934,0.0,"max_em=3MeV,pio_e1=3MeV,pio_flag=1",SEVERE_IMAGING_UNDERRECO,MEDIUM,"No significant EM shower found anywhere (max T_kine EM=3MeV, pio_e1=3MeV); photon shower either not reconstructed or severely fragmented below thresholds"
10,40,,979,1,0,1,3,2,4,1.1392300128936768,3,2,1.1392300128936768,0.0,1,1.1392300128936768,0.0,"max_em=1MeV,pio_e1=1MeV,pio_flag=1",SEVERE_IMAGING_UNDERRECO,MEDIUM,"No significant EM shower found anywhere (max T_kine EM=1MeV, pio_e1=1MeV); photon shower either not reconstructed or severely fragmented below thresholds"
12,50,,302,1,0,1,8,7,8,167.60922241210938,3,2,167.60922241210938,53.1912841796875,1,167.60922241210938,0.0,A: max_comp_em=168MeV(incl=3),COMPANION_CLUSTER_SHOWER_INACCESSIBLE_CONFIRMED,HIGH,T_kine dominant EM in companion cluster (kine_energy_included=3); singlephoton_tagger only accesses map_vertex_to_shower[main_vertex]
13,50,,404,1,0,1,6,5,6,5.811420440673828,1,2,0.7962198853492737,5.811420440673828,1,7.809934616088867,33.265525817871094,"max_em=6MeV,pio_e1=8MeV,pio_flag=1",SEVERE_IMAGING_UNDERRECO,MEDIUM,"No significant EM shower found anywhere (max T_kine EM=6MeV, pio_e1=8MeV); photon shower either not reconstructed or severely fragmented below thresholds"
14,50,,449,1,0,1,18,17,18,121.56565856933594,1,2,13.512685775756836,121.56565856933594,1,121.56565856933594,31.922658920288086,"main_em=122MeV(incl=1),shw_sp_filled=0",SHOWER_RECONSTRUCTED_ELSEWHERE_UNASSOCIATED,HIGH,T_kine found 122MeV EM at main vertex (kine_energy_included=1); singlephoton_tagger map_vertex_to_shower[main_vertex] did not associate it; vertex-shower association mismatch between NeutrinoKinematics and singlephoton_tagger
16,50,,610,1,0,1,7,6,7,23.59690284729004,1,2,12.234490394592285,23.59690284729004,1,26.17421531677246,1.360021948814392,"max_em=24MeV,pio_e1=26MeV,pio_flag=1",SEVERE_IMAGING_UNDERRECO,MEDIUM,"No significant EM shower found anywhere (max T_kine EM=24MeV, pio_e1=26MeV); photon shower either not reconstructed or severely fragmented below thresholds"
20,60,,153,1,0,3,29,28,30,153.82333374023438,1,2,0.9814732074737549,153.82333374023438,1,4.7238054275512695,4.212464332580566,"main_em=154MeV(incl=1),shw_sp_filled=0",SHOWER_RECONSTRUCTED_ELSEWHERE_UNASSOCIATED,HIGH,T_kine found 154MeV EM at main vertex (kine_energy_included=1); singlephoton_tagger map_vertex_to_shower[main_vertex] did not associate it; vertex-shower association mismatch between NeutrinoKinematics and singlephoton_tagger
21,60,,384,1,0,1,14,13,14,12.13974380493164,1,2,2.65657377243042,12.13974380493164,1,114.26739501953125,0.0,B: pio_e1=114MeV >> max_em=12MeV (ratio=9.4),COMPANION_CLUSTER_SHOWER_INACCESSIBLE_CONFIRMED,MEDIUM,kine_pio found 114MeV photon but T_kine max EM is 12MeV; pattern matches evt_0000 (confirmed companion cluster); pi0 reco likely accessed companion cluster shower
26,70,,206,1,0,2,15,14,15,90.35696411132812,3,2,90.35696411132812,36.82863235473633,1,36.82863235473633,41.184600830078125,A: max_comp_em=90MeV(incl=3),COMPANION_CLUSTER_SHOWER_INACCESSIBLE_CONFIRMED,HIGH,T_kine dominant EM in companion cluster (kine_energy_included=3); singlephoton_tagger only accesses map_vertex_to_shower[main_vertex]
27,70,,469,1,0,2,20,19,28,16.354429244995117,1,2,8.493141174316406,16.354429244995117,1,9.039422035217285,0.0,"max_em=16MeV,pio_e1=9MeV,pio_flag=1",SEVERE_IMAGING_UNDERRECO,MEDIUM,"No significant EM shower found anywhere (max T_kine EM=16MeV, pio_e1=9MeV); photon shower either not reconstructed or severely fragmented below thresholds"
30,70,,746,1,0,1,8,7,14,6.329625129699707,1,2,2.9747133255004883,6.329625129699707,1,2.9747133255004883,0.0,"max_em=6MeV,pio_e1=3MeV,pio_flag=1",SEVERE_IMAGING_UNDERRECO,MEDIUM,"No significant EM shower found anywhere (max T_kine EM=6MeV, pio_e1=3MeV); photon shower either not reconstructed or severely fragmented below thresholds"
31,70,,819,1,0,1,19,18,19,217.3078155517578,3,2,217.3078155517578,0.0,1,217.3078155517578,38.36457061767578,A: max_comp_em=217MeV(incl=3),COMPANION_CLUSTER_SHOWER_INACCESSIBLE_CONFIRMED,HIGH,T_kine dominant EM in companion cluster (kine_energy_included=3); singlephoton_tagger only accesses map_vertex_to_shower[main_vertex]
32,70,,827,1,0,1,29,28,29,89.98640441894531,3,2,89.98640441894531,57.45041275024414,1,89.98640441894531,48.06363296508789,A: max_comp_em=90MeV(incl=3),COMPANION_CLUSTER_SHOWER_INACCESSIBLE_CONFIRMED,HIGH,T_kine dominant EM in companion cluster (kine_energy_included=3); singlephoton_tagger only accesses map_vertex_to_shower[main_vertex]
37,80,,936,1,0,1,13,12,13,151.89378356933594,3,2,151.89378356933594,0.0,1,151.89378356933594,51.8993034362793,A: max_comp_em=152MeV(incl=3),COMPANION_CLUSTER_SHOWER_INACCESSIBLE_CONFIRMED,HIGH,T_kine dominant EM in companion cluster (kine_energy_included=3); singlephoton_tagger only accesses map_vertex_to_shower[main_vertex]
42,100,,616,1,0,1,9,8,9,374.90814208984375,3,2,374.90814208984375,0.0,0,0.0,0.0,A: max_comp_em=375MeV(incl=3),COMPANION_CLUSTER_SHOWER_INACCESSIBLE_CONFIRMED,HIGH,T_kine dominant EM in companion cluster (kine_energy_included=3); singlephoton_tagger only accesses map_vertex_to_shower[main_vertex]
44,100,,922,1,0,1,5,4,5,2.230905771255493,3,2,2.230905771255493,0.0,1,2.230905771255493,0.0,"max_em=2MeV,pio_e1=2MeV,pio_flag=1",SEVERE_IMAGING_UNDERRECO,MEDIUM,"No significant EM shower found anywhere (max T_kine EM=2MeV, pio_e1=2MeV); photon shower either not reconstructed or severely fragmented below thresholds"
50,120,,173,1,0,1,4,3,4,13.054300308227539,1,2,2.014244318008423,13.054300308227539,0,0.0,0.0,"max_em=13MeV,pio_e1=0MeV,pio_flag=0",SEVERE_IMAGING_UNDERRECO,MEDIUM,"No significant EM shower found anywhere (max T_kine EM=13MeV, pio_e1=0MeV); photon shower either not reconstructed or severely fragmented below thresholds"
54,120,,529,1,0,1,20,19,20,53.18716812133789,1,1,5.575868129730225,53.18716812133789,1,10.917019844055176,0.0,"main_em=53MeV(incl=1),shw_sp_filled=0",SHOWER_RECONSTRUCTED_ELSEWHERE_UNASSOCIATED,HIGH,T_kine found 53MeV EM at main vertex (kine_energy_included=1); singlephoton_tagger map_vertex_to_shower[main_vertex] did not associate it; vertex-shower association mismatch between NeutrinoKinematics and singlephoton_tagger
55,120,,547,1,0,1,10,9,10,19.32717514038086,1,1,8.420363426208496,19.32717514038086,1,18.497520446777344,12.040457725524902,"max_em=19MeV,pio_e1=18MeV,pio_flag=1",SEVERE_IMAGING_UNDERRECO,MEDIUM,"No significant EM shower found anywhere (max T_kine EM=19MeV, pio_e1=18MeV); photon shower either not reconstructed or severely fragmented below thresholds"
56,120,,588,1,0,1,17,16,17,337.8240966796875,3,2,337.8240966796875,0.0,1,50.698368072509766,49.61839294433594,A: max_comp_em=338MeV(incl=3),COMPANION_CLUSTER_SHOWER_INACCESSIBLE_CONFIRMED,HIGH,T_kine dominant EM in companion cluster (kine_energy_included=3); singlephoton_tagger only accesses map_vertex_to_shower[main_vertex]
58,120,,664,1,0,2,49,48,50,449.0065002441406,1,2,16.35148811340332,449.0065002441406,1,13.055359840393066,39.034034729003906,"main_em=449MeV(incl=1),shw_sp_filled=0",SHOWER_RECONSTRUCTED_ELSEWHERE_UNASSOCIATED,HIGH,T_kine found 449MeV EM at main vertex (kine_energy_included=1); singlephoton_tagger map_vertex_to_shower[main_vertex] did not associate it; vertex-shower association mismatch between NeutrinoKinematics and singlephoton_tagger
