evt_idx,failure_class,has_neutrino_candidate,shw_sp_filled,br_filled,nue_bdt_evaluable,shw_sp_energy,notes
0,COMPANION_CLUSTER_SHOWER_INACCESSIBLE_CONFIRMED,1,0,0,0,0.0000,
1,SHOWER_FEATURES_AVAILABLE,1,1,1,1,277.2092,
2,MAIN_VERTEX_SHOWER_INACCESSIBLE,1,0,0,0,0.0000,
3,SHOWER_FEATURES_AVAILABLE,1,1,1,1,268.5840,
4,SEVERE_SHOWER_UNDERRECO,1,1,0,1,41.2658,
5,SHOWER_FEATURES_AVAILABLE,1,1,0,1,344.0213,
6,MAIN_VERTEX_SHOWER_INACCESSIBLE,1,0,0,0,0.0000,
7,SHOWER_FEATURES_AVAILABLE,1,1,1,1,203.6416,
8,SHOWER_FEATURES_AVAILABLE,1,1,0,1,53.3906,
9,MAIN_VERTEX_SHOWER_INACCESSIBLE,1,0,0,0,0.0000,
10,MAIN_VERTEX_SHOWER_INACCESSIBLE,1,0,0,0,0.0000,
11,SHOWER_FEATURES_AVAILABLE,1,1,0,1,52.0887,
12,MAIN_VERTEX_SHOWER_INACCESSIBLE,1,0,0,0,0.0000,
13,MAIN_VERTEX_SHOWER_INACCESSIBLE,1,0,0,0,0.0000,
14,MAIN_VERTEX_SHOWER_INACCESSIBLE,1,0,0,0,0.0000,
15,SHOWER_FEATURES_AVAILABLE,1,1,0,1,496.3643,
16,MAIN_VERTEX_SHOWER_INACCESSIBLE,1,0,0,0,0.0000,
17,SEVERE_SHOWER_UNDERRECO,1,1,0,1,48.6914,
18,SHOWER_FEATURES_AVAILABLE,1,1,0,1,171.2554,
19,SEVERE_SHOWER_UNDERRECO,1,1,0,1,34.2378,
20,MAIN_VERTEX_SHOWER_INACCESSIBLE,1,0,0,0,0.0000,
21,MAIN_VERTEX_SHOWER_INACCESSIBLE,1,0,0,0,0.0000,
22,SHOWER_FEATURES_AVAILABLE,1,1,1,1,81.5085,
23,SHOWER_FEATURES_AVAILABLE,1,1,1,1,238.8301,
24,SHOWER_FEATURES_AVAILABLE,1,1,1,1,95.5175,
25,SHOWER_FEATURES_AVAILABLE,1,1,0,1,77.2141,
26,MAIN_VERTEX_SHOWER_INACCESSIBLE,1,0,0,0,0.0000,
27,MAIN_VERTEX_SHOWER_INACCESSIBLE,1,0,0,0,0.0000,
28,SHOWER_FEATURES_AVAILABLE,1,1,1,1,203.1222,
29,SHOWER_FEATURES_AVAILABLE,1,1,1,1,88.6867,
30,MAIN_VERTEX_SHOWER_INACCESSIBLE,1,0,0,0,0.0000,
31,MAIN_VERTEX_SHOWER_INACCESSIBLE,1,0,0,0,0.0000,
32,MAIN_VERTEX_SHOWER_INACCESSIBLE,1,0,0,0,0.0000,
33,SEVERE_SHOWER_UNDERRECO,1,1,0,1,23.9930,
34,SHOWER_FEATURES_AVAILABLE,1,1,1,1,278.1393,
35,SHOWER_FEATURES_AVAILABLE,1,1,1,1,220.5215,
36,SHOWER_FEATURES_AVAILABLE,1,1,1,1,210.5405,
37,MAIN_VERTEX_SHOWER_INACCESSIBLE,1,0,0,0,0.0000,
38,SHOWER_FEATURES_AVAILABLE,1,1,1,1,123.2007,
39,NO_NEUTRINO_CANDIDATE,0,0,0,0,,
40,SHOWER_FEATURES_AVAILABLE,1,1,1,1,65.5804,
41,SHOWER_FEATURES_AVAILABLE,1,1,0,1,70.8238,
42,MAIN_VERTEX_SHOWER_INACCESSIBLE,1,0,0,0,0.0000,
43,SEVERE_SHOWER_UNDERRECO,1,1,0,1,31.2340,
44,MAIN_VERTEX_SHOWER_INACCESSIBLE,1,0,0,0,0.0000,
45,SHOWER_FEATURES_AVAILABLE,1,1,1,1,310.9639,
46,SEVERE_SHOWER_UNDERRECO,1,1,0,1,41.9659,
47,SHOWER_FEATURES_AVAILABLE,1,1,0,1,109.5224,
48,SHOWER_FEATURES_AVAILABLE,1,1,0,1,91.3283,
49,SHOWER_FEATURES_AVAILABLE,1,1,1,1,327.7418,
50,MAIN_VERTEX_SHOWER_INACCESSIBLE,1,0,0,0,0.0000,
51,SEVERE_SHOWER_UNDERRECO,1,1,0,1,23.6818,
52,NO_NEUTRINO_CANDIDATE,0,0,0,0,,
53,SHOWER_FEATURES_AVAILABLE,1,1,1,1,356.9005,
54,MAIN_VERTEX_SHOWER_INACCESSIBLE,1,0,0,0,0.0000,
55,MAIN_VERTEX_SHOWER_INACCESSIBLE,1,0,0,0,0.0000,
56,MAIN_VERTEX_SHOWER_INACCESSIBLE,1,0,0,0,0.0000,
57,SHOWER_FEATURES_AVAILABLE,1,1,1,1,369.9577,
58,MAIN_VERTEX_SHOWER_INACCESSIBLE,1,0,0,0,0.0000,
