run,subrun,event,evt_idx,model,python_score,root_tmva_score,absolute_difference,relative_difference,pass
30,,336,1,numu,0.994035000,0.994034570,4.30e-07,4.33e-07,PASS
30,,336,1,other,0.741419000,0.741419004,4.00e-09,5.40e-09,PASS
30,,336,1,ncpi0,-0.900168000,-0.900168054,5.40e-08,6.00e-08,PASS
30,,336,1,nue,-0.359964000,-0.359963691,3.09e-07,8.58e-07,PASS
30,,901,3,numu,0.999247000,0.999247256,2.56e-07,2.56e-07,PASS
30,,901,3,other,-0.942932000,-0.942932434,4.34e-07,4.60e-07,PASS
30,,901,3,ncpi0,0.342936000,0.342936126,1.26e-07,3.67e-07,PASS
30,,901,3,nue,-0.790199000,-0.790198893,1.07e-07,1.35e-07,PASS
30,,937,4,numu,0.379853000,0.379852759,2.41e-07,6.34e-07,PASS
30,,937,4,other,-0.975724000,-0.975723979,2.10e-08,2.15e-08,PASS
30,,937,4,ncpi0,-0.515807000,-0.515806916,8.40e-08,1.63e-07,PASS
30,,937,4,nue,-0.975491000,-0.975491163,1.63e-07,1.67e-07,PASS
40,,142,5,numu,0.973535000,0.973534831,1.69e-07,1.74e-07,PASS
40,,142,5,other,0.594102000,0.594102002,2.00e-09,3.37e-09,PASS
40,,142,5,ncpi0,0.242957000,0.242957299,2.99e-07,1.23e-06,PASS
40,,142,5,nue,0.724842000,0.724841540,4.60e-07,6.35e-07,PASS
40,,271,7,numu,-0.941567000,-0.941567035,3.50e-08,3.72e-08,PASS
40,,271,7,other,-0.599019000,-0.599018784,2.16e-07,3.61e-07,PASS
40,,271,7,ncpi0,-0.406019000,-0.406019345,3.45e-07,8.50e-07,PASS
40,,271,7,nue,-0.982936000,-0.982936141,1.41e-07,1.43e-07,PASS
40,,744,8,numu,-0.780168000,-0.780168249,2.49e-07,3.19e-07,PASS
40,,744,8,other,-0.297071000,-0.297071335,3.35e-07,1.13e-06,PASS
40,,744,8,ncpi0,-0.764835000,-0.764834960,4.00e-08,5.23e-08,PASS
40,,744,8,nue,-0.807932000,-0.807932317,3.17e-07,3.92e-07,PASS
50,,291,11,numu,-0.050957000,-0.050956892,1.08e-07,2.12e-06,PASS
50,,291,11,other,-0.445105000,-0.445104669,3.31e-07,7.44e-07,PASS
50,,291,11,ncpi0,-0.769255000,-0.769254921,7.90e-08,1.03e-07,PASS
50,,291,11,nue,-0.764160000,-0.764159620,3.80e-07,4.97e-07,PASS
50,,458,15,numu,0.996595000,0.996594730,2.70e-07,2.71e-07,PASS
50,,458,15,other,0.987617000,0.987617010,1.00e-08,1.01e-08,PASS
50,,458,15,ncpi0,0.312130000,0.312129682,3.18e-07,1.02e-06,PASS
50,,458,15,nue,-0.352288000,-0.352287831,1.69e-07,4.80e-07,PASS
50,,676,17,numu,0.966020000,0.966020232,2.32e-07,2.40e-07,PASS
50,,676,17,other,-0.855326000,-0.855326184,1.84e-07,2.15e-07,PASS
50,,676,17,ncpi0,-0.566884000,-0.566883674,3.26e-07,5.75e-07,PASS
50,,676,17,nue,-0.899387000,-0.899387417,4.17e-07,4.64e-07,PASS
50,,725,18,numu,0.911450000,0.911450267,2.67e-07,2.93e-07,PASS
50,,725,18,other,0.767190000,0.767190452,4.52e-07,5.89e-07,PASS
50,,725,18,ncpi0,-0.380012000,-0.380012459,4.59e-07,1.21e-06,PASS
50,,725,18,nue,0.414316000,0.414316253,2.53e-07,6.11e-07,PASS
50,,829,19,numu,-0.573375000,-0.573375041,4.10e-08,7.15e-08,PASS
50,,829,19,other,-0.923313000,-0.923312948,5.20e-08,5.63e-08,PASS
50,,829,19,ncpi0,-0.904698000,-0.904697679,3.21e-07,3.55e-07,PASS
50,,829,19,nue,-0.790413000,-0.790412511,4.89e-07,6.19e-07,PASS
60,,862,22,numu,-0.488942000,-0.488941992,8.00e-09,1.64e-08,PASS
60,,862,22,other,-0.093619000,-0.093619126,1.26e-07,1.35e-06,PASS
60,,862,22,ncpi0,-0.306837000,-0.306836704,2.96e-07,9.65e-07,PASS
60,,862,22,nue,-0.957087000,-0.957086892,1.08e-07,1.13e-07,PASS
60,,926,23,numu,0.835685000,0.835685160,1.60e-07,1.91e-07,PASS
60,,926,23,other,-0.900884000,-0.900884441,4.41e-07,4.90e-07,PASS
60,,926,23,ncpi0,-0.530794000,-0.530794115,1.15e-07,2.17e-07,PASS
60,,926,23,nue,-0.986953000,-0.986953082,8.20e-08,8.31e-08,PASS
60,,937,24,numu,-0.271902000,-0.271902268,2.68e-07,9.86e-07,PASS
60,,937,24,other,-0.787638000,-0.787637819,1.81e-07,2.30e-07,PASS
60,,937,24,ncpi0,-0.104103000,-0.104102581,4.19e-07,4.02e-06,PASS
60,,937,24,nue,0.535985000,0.535984762,2.38e-07,4.44e-07,PASS
70,,55,25,numu,0.808789000,0.808789223,2.23e-07,2.76e-07,PASS
70,,55,25,other,-0.869270000,-0.869269808,1.92e-07,2.21e-07,PASS
70,,55,25,ncpi0,0.512416000,0.512416073,7.30e-08,1.42e-07,PASS
70,,55,25,nue,0.840094000,0.840094054,5.40e-08,6.43e-08,PASS
70,,631,28,numu,0.989756000,0.989755964,3.60e-08,3.64e-08,PASS
70,,631,28,other,0.093157000,0.093156955,4.50e-08,4.83e-07,PASS
70,,631,28,ncpi0,0.052177000,0.052177027,2.70e-08,5.17e-07,PASS
70,,631,28,nue,-0.034668000,-0.034667974,2.60e-08,7.50e-07,PASS
70,,710,29,numu,-0.978760000,-0.978759731,2.69e-07,2.75e-07,PASS
70,,710,29,other,-0.928918000,-0.928918164,1.64e-07,1.77e-07,PASS
70,,710,29,ncpi0,-0.055740000,-0.055739661,3.39e-07,6.08e-06,PASS
70,,710,29,nue,-0.972764000,-0.972764031,3.10e-08,3.19e-08,PASS
70,,884,33,numu,-0.067086000,-0.067086279,2.79e-07,4.16e-06,PASS
70,,884,33,other,-0.984364000,-0.984363767,2.33e-07,2.37e-07,PASS
70,,884,33,ncpi0,0.444949000,0.444949277,2.77e-07,6.23e-07,PASS
70,,884,33,nue,-0.969543000,-0.969542558,4.42e-07,4.56e-07,PASS
80,,74,34,numu,0.873522000,0.873522359,3.59e-07,4.11e-07,PASS
80,,74,34,other,-0.791428000,-0.791427638,3.62e-07,4.57e-07,PASS
80,,74,34,ncpi0,-0.742344000,-0.742344025,2.50e-08,3.37e-08,PASS
80,,74,34,nue,-0.029278000,-0.029278154,1.54e-07,5.26e-06,PASS
80,,266,35,numu,0.717277000,0.717276827,1.73e-07,2.41e-07,PASS
80,,266,35,other,0.269372000,0.269372379,3.79e-07,1.41e-06,PASS
80,,266,35,ncpi0,-0.417926000,-0.417926176,1.76e-07,4.21e-07,PASS
80,,266,35,nue,-0.953519000,-0.953519041,4.10e-08,4.30e-08,PASS
80,,399,36,numu,0.463939000,0.463938997,3.00e-09,6.47e-09,PASS
80,,399,36,other,0.526184000,0.526184044,4.40e-08,8.36e-08,PASS
80,,399,36,ncpi0,0.393786000,0.393785625,3.75e-07,9.52e-07,PASS
80,,399,36,nue,-0.996678000,-0.996678455,4.55e-07,4.57e-07,PASS
90,,186,38,numu,0.086152000,0.086151933,6.70e-08,7.78e-07,PASS
90,,186,38,other,0.817744000,0.817743537,4.63e-07,5.66e-07,PASS
90,,186,38,ncpi0,-0.984785000,-0.984784519,4.81e-07,4.88e-07,PASS
90,,186,38,nue,-0.739475000,-0.739474925,7.50e-08,1.01e-07,PASS
100,,79,40,numu,-0.210568000,-0.210567713,2.87e-07,1.36e-06,PASS
100,,79,40,other,-0.964197000,-0.964197333,3.33e-07,3.45e-07,PASS
100,,79,40,ncpi0,-0.791868000,-0.791868411,4.11e-07,5.19e-07,PASS
100,,79,40,nue,-0.947209000,-0.947209446,4.46e-07,4.71e-07,PASS
100,,141,41,numu,-0.410199000,-0.410199146,1.46e-07,3.56e-07,PASS
100,,141,41,other,-0.338872000,-0.338872420,4.20e-07,1.24e-06,PASS
100,,141,41,ncpi0,0.011206000,0.011206391,3.91e-07,3.49e-05,PASS
100,,141,41,nue,-0.930374000,-0.930373608,3.92e-07,4.21e-07,PASS
100,,704,43,numu,-0.927648000,-0.927647613,3.87e-07,4.17e-07,PASS
100,,704,43,other,-0.721187000,-0.721187196,1.96e-07,2.72e-07,PASS
100,,704,43,ncpi0,-0.935817000,-0.935816689,3.11e-07,3.32e-07,PASS
100,,704,43,nue,0.876628000,0.876627606,3.94e-07,4.49e-07,PASS
100,,976,45,numu,0.052746000,0.052746325,3.25e-07,6.16e-06,PASS
100,,976,45,other,0.521387000,0.521386791,2.09e-07,4.01e-07,PASS
100,,976,45,ncpi0,-0.142474000,-0.142473935,6.50e-08,4.56e-07,PASS
100,,976,45,nue,-0.894988000,-0.894987518,4.82e-07,5.39e-07,PASS
110,,609,46,numu,-0.974256000,-0.974255883,1.17e-07,1.20e-07,PASS
110,,609,46,other,-0.971395000,-0.971395045,4.50e-08,4.63e-08,PASS
110,,609,46,ncpi0,0.559318000,0.559317555,4.45e-07,7.96e-07,PASS
110,,609,46,nue,-0.936358000,-0.936357749,2.51e-07,2.68e-07,PASS
110,,663,47,numu,-0.728096000,-0.728096061,6.10e-08,8.38e-08,PASS
110,,663,47,other,-0.009720000,-0.009719724,2.76e-07,2.84e-05,PASS
110,,663,47,ncpi0,-0.890296000,-0.890296182,1.82e-07,2.04e-07,PASS
110,,663,47,nue,0.517636000,0.517635705,2.95e-07,5.70e-07,PASS
110,,751,48,numu,-0.110561000,-0.110560528,4.72e-07,4.27e-06,PASS
110,,751,48,other,-0.884969000,-0.884968762,2.38e-07,2.69e-07,PASS
110,,751,48,ncpi0,-0.446518000,-0.446517968,3.20e-08,7.17e-08,PASS
110,,751,48,nue,0.695124000,0.695123550,4.50e-07,6.47e-07,PASS
120,,117,49,numu,0.981923000,0.981922722,2.78e-07,2.83e-07,PASS
120,,117,49,other,0.318203000,0.318202506,4.94e-07,1.55e-06,PASS
120,,117,49,ncpi0,0.622054000,0.622054170,1.70e-07,2.73e-07,PASS
120,,117,49,nue,-0.996889000,-0.996889420,4.20e-07,4.21e-07,PASS
120,,261,51,numu,-0.999039000,-0.999038620,3.80e-07,3.80e-07,PASS
120,,261,51,other,-0.988565000,-0.988564770,2.30e-07,2.33e-07,PASS
120,,261,51,ncpi0,0.709381000,0.709381272,2.72e-07,3.83e-07,PASS
120,,261,51,nue,-0.921338000,-0.921338169,1.69e-07,1.83e-07,PASS
120,,410,53,numu,-0.232309000,-0.232309082,8.20e-08,3.53e-07,PASS
120,,410,53,other,0.908684000,0.908683663,3.37e-07,3.71e-07,PASS
120,,410,53,ncpi0,-0.337425000,-0.337425179,1.79e-07,5.30e-07,PASS
120,,410,53,nue,-0.877538000,-0.877537941,5.90e-08,6.72e-08,PASS
120,,649,57,numu,0.101598000,0.101597622,3.78e-07,3.72e-06,PASS
120,,649,57,other,0.937947000,0.937947064,6.40e-08,6.82e-08,PASS
120,,649,57,ncpi0,0.557851000,0.557851415,4.15e-07,7.44e-07,PASS
120,,649,57,nue,-0.977600000,-0.977599575,4.25e-07,4.35e-07,PASS
