batch,run,subrun,event,g4_pbs_job,g4_status
03,30,0,160,192936[3],PASS
03,30,0,336,192936[3],PASS
03,30,0,810,192936[3],PASS
03,30,0,901,192936[3],PASS
03,30,0,937,192936[3],PASS
04,40,0,142,192936[4],PASS
04,40,0,209,192936[4],PASS
04,40,0,271,192936[4],PASS
04,40,0,744,192936[4],PASS
04,40,0,863,192936[4],PASS
04,40,0,979,192936[4],PASS
05,50,0,291,192936[5],PASS
05,50,0,302,192936[5],PASS
05,50,0,404,192936[5],PASS
05,50,0,449,192936[5],PASS
05,50,0,458,192936[5],PASS
05,50,0,610,192936[5],PASS
05,50,0,676,192936[5],PASS
05,50,0,725,192936[5],PASS
05,50,0,829,192936[5],PASS
06,60,0,153,192936[6],PASS
06,60,0,384,192936[6],PASS
06,60,0,862,192936[6],PASS
06,60,0,926,192936[6],PASS
06,60,0,937,192936[6],PASS
07,70,0,55,192936[7],PASS
07,70,0,206,192936[7],PASS
07,70,0,469,192936[7],PASS
07,70,0,631,192936[7],PASS
07,70,0,710,192936[7],PASS
07,70,0,746,192936[7],PASS
07,70,0,819,192936[7],PASS
07,70,0,827,192936[7],PASS
07,70,0,884,192936[7],PASS
08,80,0,74,192936[8],PASS
08,80,0,266,192936[8],PASS
08,80,0,399,192936[8],PASS
08,80,0,936,192936[8],PASS
09,90,0,186,192936[9],PASS
09,90,0,479,192936[9],PASS
10,100,0,79,192939[10],PASS
10,100,0,141,192939[10],PASS
10,100,0,616,192939[10],PASS
10,100,0,704,192939[10],PASS
10,100,0,922,192939[10],PASS
10,100,0,976,192939[10],PASS
11,110,0,609,192939[11],PASS
11,110,0,663,192939[11],PASS
11,110,0,751,192939[11],PASS
12,120,0,117,192936[12],PASS
12,120,0,173,192936[12],PASS
12,120,0,261,192936[12],PASS
12,120,0,293,192936[12],PASS
12,120,0,410,192936[12],PASS
12,120,0,529,192936[12],PASS
12,120,0,547,192936[12],PASS
12,120,0,588,192936[12],PASS
12,120,0,649,192936[12],PASS
12,120,0,664,192936[12],PASS
