batch,pbs_job,first_run,subrun,n_events_trigreport,n_events_uproot,root_file_size_bytes,rse_space,duplicate_check,status
01,192796,10,0,0,0,3010,run=10_subrun=0_evt=NONE,N/A,ZERO_ACCEPTED_VALID
02,192797,20,0,0,0,2936,run=20_subrun=0_evt=NONE,N/A,ZERO_ACCEPTED_VALID
03,192798,30,0,5,5,93784,run=30_subrun=0_evt=1..1000_subset5,DISJOINT_BY_CONSTRUCTION,PASS
04,192799,40,0,6,6,96463,run=40_subrun=0_evt=1..1000_subset6,DISJOINT_BY_CONSTRUCTION,PASS
05,192800,50,0,9,9,101755,run=50_subrun=0_evt=1..1000_subset9,DISJOINT_BY_CONSTRUCTION,PASS
06,192801,60,0,5,5,94436,run=60_subrun=0_evt=1..1000_subset5,DISJOINT_BY_CONSTRUCTION,PASS
07,192802,70,0,9,9,103012,run=70_subrun=0_evt=1..1000_subset9,DISJOINT_BY_CONSTRUCTION,PASS
08,192803,80,0,4,4,91479,run=80_subrun=0_evt=1..1000_subset4,DISJOINT_BY_CONSTRUCTION,PASS
09,192804,90,0,2,2,88660,run=90_subrun=0_evt=1..1000_subset2,DISJOINT_BY_CONSTRUCTION,PASS
10,192805,100,0,6,6,94070,run=100_subrun=0_evt=1..1000_subset6,DISJOINT_BY_CONSTRUCTION,PASS
11,192839,110,0,3,3,91850,run=110_subrun=0_evt=1..1000_subset3,DISJOINT_BY_CONSTRUCTION,PASS
12,192840,120,0,10,10,104227,run=120_subrun=0_evt=1..1000_subset10,DISJOINT_BY_CONSTRUCTION,PASS
