batch,run,subrun,event,nu_pdg,nu_E_GeV,is_NC,interaction_mode,n_photons_fs,leading_photon_E_MeV,n_protons_fs,n_pi0_fs,n_pipm_fs,vtx_x,vtx_y,vtx_z,conv_gap_cm,conv_x,conv_y,conv_z,vtx_in_av,conv_in_av,vtx_to_bdy_cm,conv_to_bdy_cm,containment_class
Batch03,30,0,160,14,0.75984,1,1,1,210.574,5,0,0,-115.81,-0.73,373.63,83.90,-189.28,12.99,335.51,1,1,84.19,10.72,partially_contained
Batch03,30,0,336,14,2.13,1,1,1,308.26,0,0,0,-77.00,79.62,346.85,37.37,-77.19,43.26,355.50,1,1,120.38,122.81,clearly_contained
Batch03,30,0,810,14,0.90,1,1,1,364.77,1,0,0,-64.21,-106.03,163.89,41.54,-58.09,-122.06,201.73,1,1,93.97,77.94,clearly_contained
Batch03,30,0,901,14,0.99,1,1,1,298.20,0,0,0,-159.98,180.34,211.20,5.77,-161.08,174.74,210.38,1,1,19.66,25.26,clearly_contained
Batch03,30,0,937,14,0.51,1,1,1,251.93,1,0,0,-156.90,-178.67,456.81,4.78,-152.52,-177.27,455.50,1,1,21.33,22.73,clearly_contained
Batch04,40,0,142,14,1.36921,1,1,1,411.562,1,0,0,-101.79,106.80,452.80,12.13,-103.06,98.36,461.42,1,1,47.20,38.58,clearly_contained
Batch04,40,0,209,14,0.99,1,1,1,230.86,1,0,0,-85.83,194.70,458.90,33.58,-65.03,208.40,481.43,1,0,5.30,-1.00,outside_av
Batch04,40,0,271,14,0.70,1,1,1,261.55,1,0,0,-25.42,128.63,475.97,0.18,-25.38,128.80,475.99,1,1,24.03,24.01,clearly_contained
Batch04,40,0,744,14,0.62,1,1,1,403.20,1,0,0,-32.78,-101.05,90.66,0.50,-32.41,-100.73,90.75,1,1,90.66,90.75,clearly_contained
Batch04,40,0,863,14,0.47,1,1,1,280.52,10,0,0,-69.47,-109.77,332.01,17.63,-82.60,-103.33,341.84,1,1,90.23,96.67,clearly_contained
Batch04,40,0,979,14,0.78,1,1,1,369.58,0,0,0,-34.92,-201.76,486.05,16.12,-31.55,-207.14,500.87,0,0,-1.00,-1.00,outside_av
Batch05,50,0,291,14,3.71692,1,1,1,251.697,10,0,0,-195.81,134.42,473.23,14.19,-195.17,148.09,476.96,1,1,4.19,4.83,boundary_corner
Batch05,50,0,302,14,0.98,1,1,1,411.51,0,0,0,-111.71,180.07,460.50,15.89,-123.47,175.47,470.14,1,1,19.93,24.53,clearly_contained
Batch05,50,0,404,14,0.47,1,1,1,270.51,0,0,0,-7.10,4.94,412.22,43.03,-4.85,19.91,452.50,1,1,87.78,47.50,clearly_contained
Batch05,50,0,449,14,1.61,1,1,2,281.11,1,0,0,-50.93,165.39,358.00,19.85,-69.39,171.64,361.76,1,1,34.61,28.36,clearly_contained
Batch05,50,0,458,14,1.49,1,1,1,512.02,1,0,0,-156.29,-53.45,311.01,20.19,-154.57,-58.97,330.35,1,1,43.71,45.43,clearly_contained
Batch05,50,0,610,14,0.76,1,1,1,266.27,0,0,0,-198.42,123.13,28.93,7.42,-196.73,128.30,33.97,1,1,1.58,3.27,boundary_corner
Batch05,50,0,676,14,0.46,1,1,1,135.00,1,0,0,-116.97,26.50,85.40,2.49,-118.01,24.87,83.82,1,1,83.03,81.99,clearly_contained
Batch05,50,0,725,14,0.85,1,1,1,141.46,1,0,0,-101.59,11.52,249.97,11.64,-101.83,4.84,240.45,1,1,98.41,98.17,clearly_contained
Batch05,50,0,829,14,1.22,1,1,1,309.17,0,0,0,-117.62,-77.68,204.65,3.04,-120.32,-77.12,205.91,1,1,82.38,79.68,clearly_contained
Batch06,60,0,153,14,0.829532,1,1,2,184.328,1,0,0,-11.48,140.33,309.83,7.40,-4.32,140.31,311.69,1,1,59.67,59.69,clearly_contained
Batch06,60,0,384,14,1.04,1,1,1,347.42,1,0,0,-46.11,-184.51,184.74,39.39,-21.78,-167.52,210.64,1,1,15.49,32.48,clearly_contained
Batch06,60,0,862,14,1.34,1,1,1,442.05,0,0,0,-137.43,-112.60,428.09,88.93,-93.22,-46.63,468.11,1,1,62.57,31.89,clearly_contained
Batch06,60,0,926,14,1.36,1,1,1,272.04,1,0,0,-80.70,-116.65,279.82,26.55,-54.17,-116.94,278.67,1,1,83.35,83.06,clearly_contained
Batch06,60,0,937,14,1.82,1,1,1,260.23,0,0,0,-22.47,-172.91,382.34,23.63,-3.54,-186.55,378.63,1,1,27.09,13.45,partially_contained
Batch07,70,0,55,14,0.874878,1,1,1,143.975,16,0,0,-197.26,60.01,188.45,91.87,-188.12,58.97,97.04,1,1,2.74,11.88,partially_contained
Batch07,70,0,206,14,0.55,1,1,1,206.46,2,0,0,-7.14,-69.04,42.10,11.67,-18.43,-68.91,39.15,1,1,42.10,39.15,clearly_contained
Batch07,70,0,469,14,1.49,1,1,1,186.94,1,0,0,-66.64,55.15,197.78,34.23,-46.52,52.16,170.26,1,1,133.36,147.84,clearly_contained
Batch07,70,0,631,14,1.09,1,1,1,248.74,0,0,0,-74.27,60.92,65.85,2.10,-73.32,62.60,65.04,1,1,65.85,65.04,clearly_contained
Batch07,70,0,710,14,0.79,1,1,1,461.72,1,0,0,-52.82,-101.71,11.43,37.06,-41.57,-116.74,43.38,1,1,11.43,43.38,clearly_contained
Batch07,70,0,746,14,0.94,1,1,0,0.00,5,0,0,-19.33,-161.06,308.06,60.39,-90.55,-131.32,-21.13,1,0,38.94,-1.00,outside_av
Batch07,70,0,819,14,1.14,1,1,1,217.66,1,0,0,-123.20,-87.67,388.00,13.72,-129.31,-77.26,394.52,1,1,76.80,70.69,clearly_contained
Batch07,70,0,827,14,1.18,1,1,1,506.86,1,0,0,-73.23,11.93,185.30,4.78,-75.20,11.07,189.57,1,1,126.77,124.80,clearly_contained
Batch07,70,0,884,14,0.55,1,1,1,254.94,4,0,0,-40.66,19.75,273.56,16.58,-30.78,6.95,277.25,1,1,159.34,169.22,clearly_contained
Batch08,80,0,74,14,0.826455,1,1,1,182.381,1,0,0,-146.12,-154.89,436.63,0.61,-146.36,-154.51,436.22,1,1,45.11,45.49,clearly_contained
Batch08,80,0,266,14,0.88,1,1,1,323.15,0,0,0,-174.54,-9.93,97.48,18.92,-178.95,-14.42,115.32,1,1,25.46,21.05,clearly_contained
Batch08,80,0,399,14,0.68,1,1,1,337.83,1,0,0,-91.70,121.47,257.80,36.13,-73.47,107.12,285.49,1,1,78.53,92.88,clearly_contained
Batch08,80,0,936,14,0.66,1,1,1,175.73,1,0,0,-82.05,-143.48,232.95,34.46,-100.25,-115.32,225.02,1,1,56.52,84.68,clearly_contained
Batch09,90,0,186,14,0.926669,1,1,1,300.036,3,0,0,-59.39,-15.76,304.70,65.64,-93.82,-57.66,341.67,1,1,140.61,106.18,clearly_contained
Batch09,90,0,479,14,0.97,1,1,1,329.87,3,0,0,-201.17,29.83,335.28,3.49,-202.36,29.95,338.55,0,0,-1.00,-1.00,outside_av
Batch10,100,0,79,14,1.05436,1,1,1,157.647,1,0,0,-79.11,96.89,283.79,17.52,-83.69,108.63,271.61,1,1,103.11,91.37,clearly_contained
Batch10,100,0,141,14,1.46,1,1,1,338.65,0,0,0,-71.69,46.59,328.22,34.66,-80.52,52.16,361.27,1,1,128.31,119.48,clearly_contained
Batch10,100,0,616,14,0.57,1,1,1,339.75,1,0,0,-81.98,183.85,205.19,76.60,-104.09,171.65,277.51,1,1,16.15,28.35,clearly_contained
Batch10,100,0,704,14,1.29,1,1,1,129.93,1,0,0,-176.37,-28.70,282.15,68.02,-173.55,-46.63,216.60,1,1,23.63,26.45,clearly_contained
Batch10,100,0,922,14,1.80,1,1,1,216.49,1,0,0,-164.07,169.75,317.48,15.53,-161.19,185.01,317.87,1,1,30.25,14.99,partially_contained
Batch10,100,0,976,14,1.11,1,1,1,334.49,2,0,0,-36.92,13.25,5.32,1.52,-36.03,12.53,6.32,1,1,5.32,6.32,partially_contained
Batch11,110,0,609,14,0.886873,1,1,2,199.875,1,0,0,-71.78,115.86,9.35,41.57,-50.00,135.30,38.95,1,1,9.35,38.95,clearly_contained
Batch11,110,0,663,14,1.09,1,1,1,225.96,0,0,0,-172.74,-9.58,209.32,32.31,-183.58,20.09,216.13,1,1,27.26,16.42,partially_contained
Batch11,110,0,751,14,0.79,1,1,1,204.49,0,0,0,-168.01,161.21,393.17,24.78,-147.10,154.90,404.88,1,1,31.99,45.10,clearly_contained
Batch12,120,0,117,14,0.762931,1,1,1,313.477,0,0,0,-200.28,193.48,115.77,4.50,-199.09,189.77,118.03,0,1,-1.00,0.91,outside_av
Batch12,120,0,173,14,3.03,1,1,1,116.02,1,0,0,-135.24,-31.73,89.01,23.45,-133.39,-16.89,70.95,1,1,64.76,66.61,clearly_contained
Batch12,120,0,261,14,1.00,1,1,1,243.35,0,0,0,-76.73,-109.65,402.93,55.99,-26.65,-125.83,383.84,1,1,90.35,74.17,clearly_contained
Batch12,120,0,293,14,2.01,1,1,1,339.78,3,0,0,-165.90,193.24,8.02,23.33,-165.44,198.88,30.65,1,1,6.76,1.12,boundary_corner
Batch12,120,0,410,14,1.32,1,1,2,423.00,0,1,0,-108.19,-73.17,121.22,20.04,-107.37,-76.89,140.89,1,1,91.81,92.63,clearly_contained
Batch12,120,0,529,14,0.92,1,1,1,244.97,1,0,0,-67.92,-45.68,209.03,71.02,-5.63,-15.81,225.54,1,1,132.08,184.19,clearly_contained
Batch12,120,0,547,14,0.94,1,1,2,366.22,0,0,0,-153.69,202.50,428.25,23.14,-150.67,199.87,451.03,0,1,-1.00,0.13,outside_av
Batch12,120,0,588,14,0.68,1,1,1,359.17,1,0,0,-188.72,31.26,404.03,23.08,-178.37,39.48,422.95,1,1,11.28,21.63,clearly_contained
Batch12,120,0,649,14,0.73,1,1,1,3.59,4,0,1,-105.18,65.43,114.20,13.84,-92.35,69.51,110.99,1,1,94.82,107.65,clearly_contained
Batch12,120,0,664,14,1.56,1,1,1,415.12,8,0,0,-69.34,-42.82,191.35,0.62,-69.67,-42.71,191.87,1,1,130.66,130.33,clearly_contained
